id,roberta_neg,roberta_neu,roberta_pos,author,content,country,date_time,language,number_of_likes,number_of_shares
8.19633e+17,0.6836216,0.29627183,0.020106645,katyperry,Is history repeating itself...?#DONTNORMALIZEHATE https://t.co/ngG11quhmK,,12/01/2017 19:52,en,7900,3472
8.19101e+17,0.0012226271,0.020194152,0.9785832,katyperry,@barackobama Thank you for your incredible grace in leadership and for being an exceptionalâ€¦ https://t.co/ZuQLZpt6df,,11/01/2017 08:38,en,3689,1380
8.19014e+17,0.053735998,0.7448807,0.20138325,katyperry,Life goals. https://t.co/XIn1qKMKQl,,11/01/2017 02:52,en,10341,2387
8.19012e+17,0.0030524374,0.22674583,0.7702018,katyperry,Me right now ğŸ™ğŸ» https://t.co/gW55C1wrwd,,11/01/2017 02:44,en,10774,2458
8.18689e+17,0.0011467551,0.040024627,0.95882857,katyperry,SISTERS ARE DOIN' IT FOR THEMSELVES! ğŸ™ŒğŸ»ğŸ’ªğŸ»â¤ï¸ https://t.co/0shuUYUBEv,,10/01/2017 05:22,en,17620,4655
8.18261e+17,0.00056699116,0.020741446,0.9786916,katyperry,happy 96th gma #fourmoreyears! ğŸˆ @ LACMA Los Angeles County Museum of Art https://t.co/M9n7X8xdmA,,09/01/2017 01:00,en,8242,2164
8.154e+17,0.0049967617,0.38074464,0.6142586,katyperry,2017 resolution: to embody authenticity!,,01/01/2017 03:31,en,23662,8430
8.154e+17,0.0049967617,0.38074464,0.6142586,Twitter,You write the story of 2017. #HappyNewYear https://t.co/cyvz6VvQ3n,,01/01/2017 03:31,en,6834,3382
8.13596e+17,0.0942444,0.85432726,0.051428393,katyperry,sisters. https://t.co/5ZE21x2aNk,,27/12/2016 04:04,en,9324,2637
8.13121e+17,0.0010482075,0.0115364855,0.98741525,katyperry,Happy Holidays! Sending love and light to every corner of the earth ğŸ,,25/12/2016 20:35,en,23205,7419
8.12897e+17,0.7347097,0.229117,0.036173332,katyperry,"Damn, it's hard to wrap presents when you're drunk. cc @santa",,25/12/2016 05:45,en,20410,5042
8.12696e+17,0.0024507216,0.070538975,0.9270103,katyperry,When my whole fam tryna have a peaceful holiday ğŸ’ğŸ»hehehe https://t.co/fEyq3hzdlz,,24/12/2016 16:26,en,8608,2183
8.12368e+17,0.025380392,0.54774857,0.42687103,katyperry,When your holiday shopping is woke af â—ï¸blklivesmatter https://t.co/srZZj7vHyc https://t.co/KWVYi8yi8L,,23/12/2016 18:42,en,6713,1948
8.12121e+17,0.24363244,0.73890334,0.017464185,katyperry,@shannonwoodward Have you been hacked,,23/12/2016 02:22,en,2541,849
8.11709e+17,0.00072255736,0.03785926,0.96141815,katyperry,This week Santa and I got to spread some cheer and have a carol sing-a-long with some beautifulâ€¦ https://t.co/vL1BIj4sCZ,,21/12/2016 23:05,en,8592,2305
8.11703e+17,0.0009266724,0.012135388,0.9869379,katyperry,Love the music therapy program at CHLA! https://t.co/XPTZrF3XXA,,21/12/2016 22:42,en,11266,3064
8.09676e+17,0.066716954,0.8347705,0.09851247,katyperry,For real tho https://t.co/jxMV9Q6WCs,,16/12/2016 08:24,en,12059,3589
8.06424e+17,0.00096334994,0.012938701,0.98609793,katyperry,I can't wait to recreate this on a tour we do together in the next 10 years pls thnx https://t.co/PQz0nCUNV6,,07/12/2016 09:03,en,8985,2446
8.06326e+17,0.006236128,0.20587932,0.7878846,katyperry,I wanna adopt him ILHSM https://t.co/5Sr9wHnIEY,,07/12/2016 02:35,en,6745,1868
8.06075e+17,0.0012512318,0.01962744,0.97912127,katyperry,@jessesaintjohn imma make a best of 16' Spotify playlist and half of these are on there. I love our taste.,,06/12/2016 09:56,en,2527,819
8.06074e+17,0.066517286,0.86076707,0.072715655,katyperry,@jessesaintjohn @kanyewest FADE DOE,,06/12/2016 09:54,en,2356,795
8.06074e+17,0.066517286,0.86076707,0.072715655,katyperry,"Omg deep cut, agreed https://t.co/0yGlkuo3bJ",,06/12/2016 09:53,en,6195,1748
8.06074e+17,0.066517286,0.86076707,0.072715655,katyperry,Same https://t.co/98vBUp7BzI,,06/12/2016 09:52,en,4236,1143
8.06074e+17,0.066517286,0.86076707,0.072715655,katyperry,Fully https://t.co/Iii4a58tPN,,06/12/2016 09:52,en,4473,1226
8.05537e+17,0.0014527729,0.031392865,0.9671544,katyperry,PROOF THAT YOUR VOICE ACTUALLY MATTERS! ğŸ™ğŸ¼ğŸ™ŒğŸ¼ğŸ’ªğŸ¼ğŸ˜­ https://t.co/tAwL0a9y9E,,04/12/2016 22:21,en,12309,3395
8.0532e+17,0.032631118,0.74046296,0.2269059,katyperry,This holiday season be the girl that takes jump photos at the mall â˜‘ï¸ wears activewear at nightâ€¦ https://t.co/0eGYnKF5fk,,04/12/2016 07:58,en,8891,2275
8.04423e+17,0.025143588,0.5580589,0.41679746,katyperry,"Slowly, I am coming down from the beautiful cloud that was Tuesday night's unicef Snowflakeâ€¦ https://t.co/Bia5wug56I",,01/12/2016 20:33,en,9671,2613
8.04221e+17,0.16442378,0.44280666,0.39276958,katyperry,I dare you to find a better live vocal performance than this timeless masterpiece: https://t.co/J1gW29kC7J #jenniferholliday,,01/12/2016 07:08,en,6723,1670
8.01916e+17,0.009258783,0.4785229,0.51221836,katyperry,This #Thanksgiving #IStandWithStandingRock text WATER to 82623 to help now! Sign the petition here: https://t.co/GFhQKfsB0i,,24/11/2016 22:31,en,7115,2278
8.01912e+17,0.009976314,0.57725304,0.4127707,katyperry,"On #Thanksgiving, a day with complex origins, I want to speak up in support of the Standing Rockâ€¦ https://t.co/CKyB7H3LCD",,24/11/2016 22:14,en,9457,2705
8.0155e+17,0.012368866,0.5239059,0.46372527,katyperry,"Heading into my family ğŸ¦ƒ-Day, I'm mindful about building a bridge thru peaceful convo. Try this guide from @nytimes: https://t.co/mzBbNw1ZHD",,23/11/2016 22:16,en,7340,2025
8.00786e+17,0.0016067976,0.03730816,0.9610851,katyperry,great tweet ğŸ† https://t.co/Z6QeywsBpt,,21/11/2016 19:41,en,7906,2244
8.00786e+17,0.0016067976,0.03730816,0.9610851,TheEllenShow,"I learned a lot about Emma Stone. Or as I call her now, Sweaty Stone. https://t.co/ehL9zUxaAv",,21/11/2016 19:38,en,6042,827
8.00053e+17,0.836988,0.1519367,0.01107531,katyperry,". @realDonaldTrump how bout you start with an apology for your divisive, racist, xenophobic rhetoric?
#thanksgivingdayclapback",,19/11/2016 19:08,en,28217,11447
7.99891e+17,0.0028799796,0.19687378,0.8002462,katyperry,Caught a big one this week ğŸ£ ...,,19/11/2016 08:23,en,13734,4721
7.99862e+17,0.06150123,0.74435943,0.19413938,katyperry,Let it be known!  https://t.co/AXmAjmNMgc,,19/11/2016 06:28,en,9069,2471
7.99155e+17,0.0025613587,0.15144537,0.8459933,katyperry,Back to work because: ALL OF THE ABOVE ğŸ’ªğŸ¼ https://t.co/dUvh7jN8Oi,,17/11/2016 07:40,en,8324,2485
7.99026e+17,0.042720396,0.7123839,0.24489565,katyperry,Operate in the light.,,16/11/2016 23:05,en,13320,5118
7.98218e+17,0.34877095,0.60295755,0.048271507,katyperry,Confused? Overwhelmed? Here's the brief you need to get the gist: https://t.co/4dwGgeRwMT,,14/11/2016 17:34,en,9516,2613
7.98218e+17,0.34877095,0.60295755,0.048271507,YouTube,"Introducing a new show about ghosts and â€¦ wait, dude stop! #ParanormalActionSquad #SasquatchProblems https://t.co/ZDtx0vUChy",,14/11/2016 17:36,en,1868,334
7.98069e+17,0.0027317968,0.5261739,0.47109437,katyperry,At midnight we MANIFEST âœ¨ğŸŒšâœ¨,,14/11/2016 07:44,en,15555,4497
7.97666e+17,0.0010491989,0.045736887,0.9532139,katyperry,YES LA KEEP LEADING THE WAY â¤ï¸ https://t.co/4LcjvCDJ4U,,13/11/2016 05:02,en,22532,7136
7.97666e+17,0.0010491989,0.045736887,0.9532139,cnnbrk,Australia says it will transfer hundreds of refugees to the US in a 'one-off' deal. https://t.co/3DjmRo61dA,,13/11/2016 05:00,en,477,327
7.97247e+17,0.019586924,0.47570866,0.5047044,katyperry,"It's time to turn words into actionâ—ï¸There are so many steps to take, but my first vow is toâ€¦ https://t.co/1DwETGXbed",,12/11/2016 01:19,en,12717,3462
7.97166e+17,0.0020322022,0.046461042,0.95150673,katyperry,"Thank you to the men and women protecting Freedom, Liberty, and Equality for all. ğŸ™ğŸ¼ğŸ‡ºğŸ‡¸ https://t.co/0LcB7VYDrx",,11/11/2016 19:55,en,18210,4997
7.96938e+17,0.23178779,0.6971243,0.07108785,katyperry,"From Pastor John Pavlovitz ""This is not about losing an election"" https://t.co/vVxyZvkyYI",,11/11/2016 04:51,en,8180,2402
7.96926e+17,0.021195702,0.41228822,0.56651604,katyperry,Lets also work on the hearts and minds of this country and that is how real change will begin.,,11/11/2016 04:02,en,19186,5747
7.96925e+17,0.05738894,0.69107026,0.2515408,katyperry,"Remember to take care of your mental health. Talk with counselors/therapists/ur tribe. Lean on your friends, don't stop communicating.",,11/11/2016 04:00,en,26395,9851
7.96631e+17,0.01068179,0.175437,0.81388116,katyperry,We need more courageous men like this to speak up and say that there is GREAT examples of men out there: https://t.co/daRuHfysSm,,10/11/2016 08:30,en,16456,6295
7.96602e+17,0.010443694,0.18395299,0.8056033,katyperry,ğŸ™ğŸ¼ğŸ‡ºğŸ‡¸PEACEFULLY PROTESTğŸ‡ºğŸ‡¸ğŸ™ğŸ¼,,10/11/2016 06:33,en,37850,12448
7.96396e+17,0.052023485,0.62020266,0.3277739,katyperry,Fight for what is RIGHT.,,09/11/2016 16:55,en,49083,24773
7.96265e+17,0.87736136,0.110937245,0.011701426,katyperry,Do not sit still. Do not weep. MOVE. We are not a nation that will let HATE lead us.,,09/11/2016 08:15,en,85100,45074
7.96265e+17,0.87736136,0.110937245,0.011701426,Twitter,"The results are in: @realDonaldTrump is the 45th President of the United States.

https://t.co/OzuxDAk0Wm",,09/11/2016 08:16,en,5787,3023
7.96264e+17,0.14780733,0.692234,0.15995869,katyperry,WE WILL NEVER BE SILENCED. #LOVETRUMPSHATE,,09/11/2016 08:13,en,44808,22630
7.96264e+17,0.14780733,0.692234,0.15995869,katyperry,POWER TO THE PEOPLE,,09/11/2016 08:10,en,31136,13120
7.96262e+17,0.021489022,0.35099283,0.6275181,katyperry,RISE UP,,09/11/2016 08:03,en,30837,14186
7.96227e+17,0.1260018,0.56736434,0.30663386,katyperry,THE REVOLUTION IS COMING.,,09/11/2016 05:46,en,55651,36070
7.96227e+17,0.1260018,0.56736434,0.30663386,katyperry,WE WILL NEVER BE SILENCED.  https://t.co/Co4CYBXg8j,,09/11/2016 05:43,en,39792,20914
7.96149e+17,0.022743765,0.15468219,0.8225741,katyperry,Gonna cry my false eye lashes off tonight. â¤ï¸ğŸ™ğŸ¼ğŸ‡ºğŸ‡¸,,09/11/2016 00:33,en,40479,14352
7.96107e+17,0.0008997222,0.025298065,0.9738022,katyperry,Throw back to Oct 25th when I gave myself the best bday prezzy ever by voting for my girlâ€¦ https://t.co/i68TG6Ixi1,,08/11/2016 21:47,en,9695,2329
7.96107e+17,0.0008997222,0.025298065,0.9738022,cnnbrk,Eric Trump may have broken law with ballot tweet.  https://t.co/3cEkwFgO3p,,08/11/2016 21:46,en,1323,895
7.96081e+17,0.0021285787,0.08192428,0.9159471,katyperry,HOPE YOU ARE ROARING YOUR WAY TO THE POLLS STILL! ğŸ‘ŠğŸ¼ğŸ¦ğŸ¯â¤ï¸ğŸ‡ºğŸ‡¸: https://t.co/tNQit6ZIA6,,08/11/2016 20:04,en,11822,3381
7.96081e+17,0.0021285787,0.08192428,0.9159471,TheEllenShow,I think Chicago @Cubs @KrisBryant_23 and @D_Ross3 really liked the gifts I had for them. https://t.co/fVEA0A8OD0 https://t.co/sO4qUo7Ys1,,08/11/2016 20:02,en,3095,440
7.96056e+17,0.010080758,0.32215655,0.66776276,katyperry,"âœ”ï¸ote #Yeson64! Let's rewrite our narrative Californiaâ—ï¸

https://t.co/myS49evfEf by @dreamhampton",,08/11/2016 18:24,en,5865,1710
7.95838e+17,0.8590364,0.12961072,0.011352918,katyperry,If hell had a smell it would be used dental floss and earring backs. ğŸ˜·,,08/11/2016 04:00,en,14043,3524
7.95682e+17,0.004019052,0.25788635,0.73809457,katyperry,My name is ğŸ¶ Nugget ğŸ¶ and I approve this message. GO âœ”OTEâ—Find out where: https://t.co/rL2nZQ97cd https://t.co/qgoUYddQaC,,07/11/2016 17:38,en,20789,6894
7.95447e+17,0.49948806,0.40714055,0.093371466,katyperry,"Want niche? Inside jokes? Mega Meta? Think ur the only 1 thinking the demented way ur thinking? Go see ""Oh Hello"" on Broadway &amp; find ur ppl.",,07/11/2016 02:06,en,13539,2935
7.95143e+17,0.0032154592,0.25417465,0.74260986,katyperry,HILL-ADELPHIA FTW! In less than 3 days be apart of HISTORY and make #HERstory ğŸ‡ºğŸ‡¸ #november8thâ€¦ https://t.co/pNV46unbxj,,06/11/2016 05:56,en,9067,2363
7.94693e+17,0.08204764,0.8374504,0.08050206,katyperry,omg idk this is totes my vocab https://t.co/WEYhIPxB4Q,,05/11/2016 00:09,en,9741,2601
7.94393e+17,0.0070256894,0.6808798,0.31209448,katyperry,Done with my ğŸ„ChristmasğŸ„shopping âœ”ï¸ https://t.co/wW8n4SirXx,,04/11/2016 04:16,en,9944,2360
7.9358e+17,0.0067190146,0.15077995,0.842501,katyperry,AYE! ğŸ“² Text ROAR to 47246 to score free ğŸŸ to see me &amp; @HillaryClinton this Saturday in PHILLY! (I'll be the one singing ğŸ¤) #LoveTrumpsHateâ¤ï¸,,01/11/2016 22:25,en,11256,2982
7.93193e+17,0.7647588,0.19424772,0.04099352,katyperry,Welp. The airline lost my luggage so I guess I'll just wear my tracksuit for Halloween ğŸ’ğŸ» Now THAT'S scary. ğŸƒ,,31/10/2016 20:47,en,17972,4088
7.93193e+17,0.7647588,0.19424772,0.04099352,TheEllenShow,I hope you all have a very Happy Halloween! #EmojiExploji https://t.co/f4m6mtmGYF,,31/10/2016 20:47,en,2922,470
7.93161e+17,0.044674624,0.87013495,0.085190475,katyperry,"ğŸƒMY FAM &gt; YOUR FAMğŸƒ

I have roots from both Santa Barbara and Arkansas (think Appalachianâ€¦ https://t.co/lOfgWsoS09",,31/10/2016 18:42,en,8049,2351
7.93161e+17,0.044674624,0.87013495,0.085190475,ArianaGrande,glad we're still alive today @andylassner  https://t.co/pIgL5OsD0f,,31/10/2016 18:42,en,24565,7962
7.93151e+17,0.67816526,0.2999718,0.021862956,katyperry,@PrismsPerry like I work on myself so I can be better for me and you â¤ï¸,,31/10/2016 18:01,en,3428,1291
7.93151e+17,0.67816526,0.2999718,0.021862956,katyperry,@perrysmic not really but sometimes I don't know my own strength ğŸ˜”,,31/10/2016 18:00,en,2500,740
7.9315e+17,0.0049856994,0.15108623,0.8439281,katyperry,@focusonreid great get your Pantone book out,,31/10/2016 17:59,en,2240,619
7.93127e+17,0.0014324365,0.069323905,0.9292437,katyperry,"My fav combo of ppl all in one pic, I only roll with world changersâ—ï¸ https://t.co/oH37gAsO7c",,31/10/2016 16:24,en,6478,1684
7.92754e+17,0.0025679572,0.25927073,0.7381613,katyperry,Halloween 2k16 ğŸ‡ºğŸ‡¸ğŸ’¯ğŸ™ğŸ¼ https://t.co/vCweRxoeun,,30/10/2016 15:45,en,30840,9619
7.9262e+17,0.0009426251,0.027605694,0.9714517,katyperry,"Thanks @COVERGIRL for keeping everyone clean-cut and QT at Hudson High, Home of the Poodles. ğŸ’‹,â€¦ https://t.co/Txo3zIPtBl",,30/10/2016 06:51,en,8386,1932
7.92539e+17,0.008354623,0.43403012,0.5576153,katyperry,"â¤ï¸BILL &amp; HILL 4EVAâ¤ï¸ 
Hair, makeup &amp; prosthetics by: @TonyatAlterian makeup_manâ€¦ https://t.co/kI4nL7EcMv",,30/10/2016 01:30,en,7635,1940
7.92539e+17,0.008354623,0.43403012,0.5576153,instagram,"A wrong turn down a dead end road leads to a childhood dream come true #TheWeekOnInstagram
https://t.co/TnpmdVvcQi",,30/10/2016 01:30,en,606,109
7.92258e+17,0.0043722335,0.31523964,0.68038815,katyperry,Having a little pre party before I take office #IMWITHME Cheers toâ€¦ https://t.co/7SzIzrmwv0,,29/10/2016 06:54,en,8940,2163
7.91153e+17,0.008775515,0.4763626,0.5148619,katyperry,just went in the pit @kanyewest for my bday. 32 is lookin â¬†ï¸,,26/10/2016 05:44,en,17671,4654
7.91099e+17,0.0010444912,0.0137321055,0.9852234,katyperry,GAVE MYSELF THE BEST BIRTHDAY PRESENT EVER BY VOTING TODAYâ—ï¸Wish hillaryclinton a Happy Birthdayâ€¦ https://t.co/F53ik6Tkg9,,26/10/2016 02:07,en,12150,3003
7.91e+17,0.0006565896,0.02018913,0.97915435,katyperry,Help me celebrate my birthday with the purchase of a lifesaving @UNICEF Inspired Gift! https://t.co/R2rSxS1rm7 ğŸ‚ #childrenfirst â¤ï¸,,25/10/2016 19:35,en,30015,9456
7.91e+17,0.0006565896,0.02018913,0.97915435,YouTube,Itâ€™s #GuessThatVideo time! Who dis? ğŸ¼ ğŸ’¨ https://t.co/mtcm81lzOV,,25/10/2016 19:33,en,906,141
7.90837e+17,0.09800006,0.81589663,0.08610328,katyperry,@wtfkates yeah but 32 is 23 backwards so ğŸ·,,25/10/2016 08:48,en,6039,2114
7.90836e+17,0.25479156,0.687887,0.057321485,katyperry,@sella_sandra also this is real and not an edit I can tell by the icing I'm so proud of u,,25/10/2016 08:43,en,3809,1041
7.90836e+17,0.25479156,0.687887,0.057321485,katyperry,@greg_wells go to bed dad,,25/10/2016 08:42,en,3281,838
7.90835e+17,0.009571058,0.3635139,0.62691504,katyperry,@KatyCute_  nuggetâ—ï¸,,25/10/2016 08:40,en,3209,839
7.90832e+17,0.00331865,0.017141597,0.97953975,katyperry,Aw. You made me cry. Love you fam. â¤ï¸ https://t.co/UBITydazRs,,25/10/2016 08:27,en,15950,5690
7.90831e+17,0.009631243,0.1146213,0.87574744,katyperry,@cynthialovely you're clever,,25/10/2016 08:21,en,2509,669
7.90811e+17,0.0035371438,0.1294372,0.8670257,katyperry,Dope s/o ğŸ™ŒğŸ¼ https://t.co/d4sYO5oxQr,,25/10/2016 07:04,en,13002,4276
7.90356e+17,0.14189745,0.8019588,0.056143746,katyperry,When you go dorm to dorm for @HillaryClinton @unlv: https://t.co/QhpekuVTur,,24/10/2016 00:56,en,9496,2364
7.90089e+17,0.67923546,0.2963465,0.024418112,katyperry,tap it if you're nasty @ UNLV Campus https://t.co/vDHH4kAVLO,,23/10/2016 07:13,en,7613,1836
7.90084e+17,0.007025443,0.22935392,0.7636207,katyperry,@radiantjareau so qt,,23/10/2016 06:54,en,2348,548
7.90084e+17,0.007025443,0.22935392,0.7636207,katyperry,@KatyCute_ this edit lol,,23/10/2016 06:54,en,2261,554
7.90081e+17,0.20874938,0.706885,0.08436564,katyperry,@sella_sandra my birthdays soonğŸ’…ğŸ¼,,23/10/2016 06:43,en,2429,697
7.90081e+17,0.20874938,0.706885,0.08436564,katyperry,@KpCatt @HillaryClinton next level,,23/10/2016 06:43,en,2058,510
7.9008e+17,0.08690711,0.8337428,0.07935013,katyperry,@perrysoldier Welcs ho,,23/10/2016 06:37,en,1972,488
7.90078e+17,0.29255226,0.5628297,0.14461805,katyperry,@lillysgomez @lucycowell14 not for longğŸ‘‹ğŸ¼,,23/10/2016 06:31,en,1866,468
7.90078e+17,0.29255226,0.5628297,0.14461805,katyperry,"@perrysoldier make fun of me now, thank me later ğŸ’…ğŸ¼",,23/10/2016 06:29,en,1953,526
7.90077e+17,0.3881354,0.5758043,0.03606031,katyperry,@katycatSWEDEN album artwork,,23/10/2016 06:27,en,2012,591
7.90077e+17,0.3881354,0.5758043,0.03606031,katyperry,@perryicecream always in October,,23/10/2016 06:26,en,1886,519
7.90077e+17,0.3881354,0.5758043,0.03606031,katyperry,@johnlordperry tears of my doubters,,23/10/2016 06:24,en,2167,747
7.90014e+17,0.093537994,0.8425484,0.06391363,katyperry,@xamyrosex knock knock,,23/10/2016 02:15,en,1883,551
7.90003e+17,0.0011788225,0.05558597,0.9432353,katyperry,Using our voices â¤ï¸ğŸ™ŒğŸ¼ https://t.co/FvX6dfl7lJ,,23/10/2016 01:32,en,12775,4377
7.90001e+17,0.08702793,0.8650743,0.04789777,katyperry,Link up link up link up: https://t.co/5pUZVKW9qZ @tyleroakley,,23/10/2016 01:26,en,6435,1533
7.90001e+17,0.08702793,0.8650743,0.04789777,katyperry,clique/tribe/fam https://t.co/7BNHSC5cLx,,23/10/2016 01:23,en,4973,1235
7.9e+17,0.0119576575,0.33010173,0.6579407,katyperry,@wtvrlara omg let me live I'm out preaching the good news bb,,23/10/2016 01:22,en,1773,557
7.9e+17,0.0119576575,0.33010173,0.6579407,katyperry,Just like a casual FYI ğŸ’ğŸ» https://t.co/wJti7E2bWH,,23/10/2016 01:20,en,5482,1337
7.9e+17,0.0119576575,0.33010173,0.6579407,katyperry,@katycatwendy I had to get relatable bb  ğŸ’ğŸ»,,23/10/2016 01:19,en,1721,530
7.89998e+17,0.7040416,0.26642707,0.029531388,katyperry,Ain't no messing with my nasty woman click â—ï¸ https://t.co/zcJFP06EYy,,23/10/2016 01:14,en,7261,1700
7.89998e+17,0.7040416,0.26642707,0.029531388,jtimberlake,Cutest one yet. #AskATroll. (And the answer is YES ğŸ™Œ) https://t.co/YUroO0jlU5,,23/10/2016 01:12,en,1939,350
7.89996e+17,0.7374587,0.24170911,0.020832185,katyperry,RT if ur nasty  https://t.co/fMtOHV5crN,,23/10/2016 01:05,en,12299,6122
7.89928e+17,0.005466828,0.28226575,0.7122674,katyperry,I'm bringing the glitter...and the knowledgeâ—ğŸ‘ŠğŸ» https://t.co/t1wnM9v4MN https://t.co/le95tNIEhi,,22/10/2016 20:35,en,6665,1850
7.896e+17,0.0010098002,0.01336292,0.9856273,katyperry,I love when everything starts to align for transformation time...âœ¨,,21/10/2016 22:52,en,15347,5747
7.89574e+17,0.29526,0.63150924,0.0732308,katyperry,"Well, guess this means it's time to get out of my tracksuit...ğŸ‘— https://t.co/Rl9cSQWlLv",,21/10/2016 21:08,en,7732,2299
7.89331e+17,0.0014664582,0.06439763,0.9341359,katyperry,@beatsbydre bravo on this timing ğŸ™ŒğŸ¼,,21/10/2016 05:02,en,2049,640
7.89257e+17,0.0008008087,0.018371498,0.9808276,katyperry,HAPPY BIRTHDAY PEPPERONI (also this is legit how I speak to nugget) https://t.co/wCCkHWQKPm,,21/10/2016 00:06,en,6926,1770
7.88976e+17,0.0018882876,0.08555342,0.91255826,katyperry,MAKE LYRICS GREAT AGAINâ—ï¸cc Max Martin &amp; Shellback,,20/10/2016 05:30,en,10711,3771
7.88935e+17,0.0044067395,0.12934591,0.86624736,katyperry,Ok back to the studio for me. 2017 is gonna tight af. ğŸ”¥,,20/10/2016 02:49,en,18288,7599
7.88934e+17,0.03528076,0.80148095,0.16323832,katyperry,Where's the after partyğŸ· @chelseahandler @sallykohn @SarahKSilverman @BetteMidler @shannonwoodward @getglucky,,20/10/2016 02:44,en,5372,1144
7.88933e+17,0.38433358,0.58925265,0.026413778,katyperry,@shannonwoodward he didn't go down to the people,,20/10/2016 02:41,en,1734,526
7.88933e+17,0.38433358,0.58925265,0.026413778,Twitter,"The biggest moments, Tweets, and topics on Twitter from the third and final presidential #debate. https://t.co/iUJGTFFusn",,20/10/2016 02:39,en,478,184
7.88932e+17,0.59486,0.35405684,0.05108311,katyperry,Someone count how many times he is clenching his jaw as she speaks. Crazy. #debates,,20/10/2016 02:35,en,6801,1518
7.8893e+17,0.033858903,0.5050704,0.46107078,katyperry,RT if you're already preparing a seat at the table for @HillaryClinton ğŸ™ŒğŸ¼,,20/10/2016 02:30,en,12567,4357
7.8893e+17,0.033858903,0.5050704,0.46107078,instagram,A cleverly composed group shot highlights the best way to spend #WHPfreetime â€” hanging with friends https://t.co/tYcUnhossa,,20/10/2016 02:30,en,653,111
7.88929e+17,0.0041504703,0.50178134,0.4940682,katyperry,@HillaryClinton Scorpio season is coming âœ¨ https://t.co/ME2n0IQnoB,,20/10/2016 02:26,en,1884,626
7.88928e+17,0.0033021253,0.07962711,0.9170708,katyperry,@shannonwoodward im sleep watching,,20/10/2016 02:21,en,1506,469
7.88928e+17,0.0033021253,0.07962711,0.9170708,katyperry,"@cher don't worry, honestly you can get back in the tub if you like, she's got this. â¤ï¸ https://t.co/UqUfQ9OYm8",,20/10/2016 02:21,en,1961,664
7.88927e+17,0.0013917477,0.038997483,0.9596107,katyperry,screenshots are forever â¤ï¸ https://t.co/3NNVHJ1d6b,,20/10/2016 02:15,en,5642,1714
7.88926e+17,0.043612275,0.89708495,0.05930278,katyperry,"I'm over it, been over it  https://t.co/9uFec9dyok",,20/10/2016 02:14,en,4243,1094
7.88926e+17,0.043612275,0.89708495,0.05930278,katyperry,Cab or Malbec ğŸ·?! https://t.co/LEqlhvO6hl,,20/10/2016 02:12,en,4002,944
7.88926e+17,0.043612275,0.89708495,0.05930278,cnnbrk,"Donald Trump refuses to say he would accept the result of the election: ""I will look at it at the time.""  https://t.co/eC46jKyPmz",,20/10/2016 02:13,en,941,714
7.88922e+17,0.018571649,0.26484182,0.7165865,katyperry,CELEBRATE OUR DIVERSITY AND LIFT PEOPLE UPğŸ™ğŸ¼ @HillaryClinton,,20/10/2016 01:57,en,6448,1779
7.8892e+17,0.106769085,0.72320616,0.17002475,katyperry,THAT TIMELINE ğŸ¤â¤µï¸ğŸ”¥ @HillaryClinton,,20/10/2016 01:51,en,5253,1422
7.88919e+17,0.4019992,0.49243093,0.10556982,katyperry,No! 1. It's not happening and 2. Always stay and peacefully protest.  https://t.co/3bYoUbOh1g,,20/10/2016 01:45,en,4086,1040
7.88918e+17,0.010419048,0.26622078,0.7233601,katyperry,@rejectedjokes this was worth the double tweet,,20/10/2016 01:42,en,1179,363
7.88917e+17,0.23580752,0.7133168,0.050875656,katyperry,covergirl #ad  https://t.co/seJck6KQUf,,20/10/2016 01:37,en,3783,917
7.88917e+17,0.23580752,0.7133168,0.050875656,katyperry,He doth protest much... https://t.co/pIbxvqtl0E,,20/10/2016 01:35,en,4043,984
7.88916e+17,0.049577147,0.34061468,0.6098082,katyperry,My favorite mic drop so far ğŸ¤â¤µï¸ https://t.co/NBdRJt78Jy,,20/10/2016 01:34,en,6158,1811
7.88916e+17,0.049577147,0.34061468,0.6098082,katyperry,OMG THE PUPPET MEMES #DEBATES IM SCREAMKNG,,20/10/2016 01:32,en,5435,1451
7.88913e+17,0.05092325,0.48171908,0.46735775,katyperry,"She said ""he should meet in real life!"" Lol!  https://t.co/zBO9mHZUSI",,20/10/2016 01:21,en,3341,810
7.88912e+17,0.0035751902,0.028747182,0.96767765,katyperry,Tweet of the night.   https://t.co/uBojPBsb5s,,20/10/2016 01:17,en,5586,1869
7.88912e+17,0.0035751902,0.028747182,0.96767765,katyperry,YES I LOVE THAT WE ARE GETTING INTO REAL ISSUES EVEN UNCOMFORTABLE ONESâ—ï¸#debates,,20/10/2016 01:16,en,6024,1454
7.8891e+17,0.016286684,0.10632386,0.87738943,katyperry,@SarahKSilverman man? lol. baby!,,20/10/2016 01:11,en,1218,385
7.8891e+17,0.016286684,0.10632386,0.87738943,katyperry,@jonlovett tru. Baby's back.,,20/10/2016 01:10,en,1201,367
7.8891e+17,0.016286684,0.10632386,0.87738943,katyperry,I love when she lays out the rules like the boss she is #debates,,20/10/2016 01:08,en,5896,1472
7.88909e+17,0.73498726,0.22869651,0.03631625,katyperry,MY WHITE ANGEL @HillaryClinton,,20/10/2016 01:05,en,6697,1901
7.88909e+17,0.73498726,0.22869651,0.03631625,katyperry,@rejectedjokes why didn't we plan an after party,,20/10/2016 01:04,en,1138,363
7.88909e+17,0.73498726,0.22869651,0.03631625,katyperry,@chelseahandler I'm gonna miss these online hangs,,20/10/2016 01:03,en,1185,376
7.88908e+17,0.17483167,0.6224863,0.20268202,katyperry,YOU GOT THIS @HillaryClinton #DEBATES https://t.co/IZgi0yL9T2,,20/10/2016 01:01,en,8949,2195
7.88908e+17,0.17483167,0.6224863,0.20268202,YouTube,"[LIVE] It's the last #debatenight of 2016. Watch now, and #voteIRL on Election Day: https://t.co/L1DeEcRbSy https://t.co/Xpys2rQewd",,20/10/2016 01:00,en,539,135
7.88908e+17,0.17483167,0.6224863,0.20268202,Twitter,"The #debate is LIVE on Twitter.

Watch the action unfold.ğŸ‘‡
https://t.co/l2fPw8j3O6",,20/10/2016 01:00,en,625,412
7.88904e+17,0.003104697,0.13505167,0.86184365,katyperry,Just got out of therapy and had a mindful meditation. I AM READY FOR THE #DEBATES,,20/10/2016 00:46,en,6331,1503
7.8857e+17,0.3757634,0.490499,0.13373753,katyperry,"S/O to my A&amp;R gal @getglucky for this defining quote ""You can be too arty and lose your audience or you can be too charty and lose your art""",,19/10/2016 02:38,en,10823,2771
7.88569e+17,0.002268226,0.04383474,0.95389706,katyperry,@yungskeeter so niche and I like it,,19/10/2016 02:35,en,1453,499
7.87785e+17,0.00079930364,0.01756988,0.98163086,katyperry,Felt like a fairy godmother last night in @marchesafashion for @childrensla â¤ï¸ https://t.co/N4pZr76GYl,,16/10/2016 22:38,en,7804,2167
7.87785e+17,0.00079930364,0.01756988,0.98163086,shakira,Braid day! Walking in Barcelona. Shak https://t.co/pmBlGoryp5,,16/10/2016 22:38,en,10411,1599
7.87556e+17,0.14844386,0.7435038,0.108052336,katyperry,This was one of my favorite parts of the night. â¤ï¸ https://t.co/m7k6AvrFNl,,16/10/2016 07:30,en,7579,1872
7.87556e+17,0.14844386,0.7435038,0.108052336,katyperry,I hope there are side by side graves for both steel drums and chokers in 2k16,,16/10/2016 07:29,en,11293,2810
7.86839e+17,0.012291155,0.46282873,0.5248801,katyperry,Throwing rose petals at the club. ğŸŒ¹,,14/10/2016 07:59,en,13398,3874
7.86724e+17,0.011787892,0.40406564,0.58414644,katyperry,There's a lot of women making HERstory this election cycle! Find them up AND down the ballot Novâ€¦ https://t.co/HVEup5Qoia,,14/10/2016 00:25,en,8931,2153
7.86724e+17,0.011787892,0.40406564,0.58414644,ladygaga,@tobeymonster @tattooedreams don't read into everything so much.,,14/10/2016 00:24,en,2592,846
7.86724e+17,0.011787892,0.40406564,0.58414644,Twitter,"#TNF is streaming LIVE on Twitter! Tune in now to catch the @Broncos take on the @Chargers.
https://t.co/eCsgy1PHoE",,14/10/2016 00:24,en,437,170
7.85889e+17,0.0018160725,0.07891379,0.9192701,katyperry,Investing in girls helps them build better lives and creates a more peaceful and prosperous world for ALL. RT if yoâ€¦ https://t.co/mweKT8UJeK,,11/10/2016 17:05,en,21402,9178
7.8572e+17,0.0010442871,0.013662755,0.985293,katyperry,Just wrapped another great @COVERGIRL shoot. Honored to have the pleasure to announce the veryâ€¦ https://t.co/8vq7UPwKhf,,11/10/2016 05:52,en,8893,2357
7.85336e+17,0.0045145764,0.11401963,0.88146585,katyperry,There's a few brains I would like to see science dissect after full utilization and @Sia's should be one of them. ILYSM â¤ï¸,,10/10/2016 04:29,en,17183,5335
7.85312e+17,0.16084036,0.67997617,0.15918358,katyperry,"Finally, last debate is OCT 19. FIGURE OUT A WAY TO COVER MORE ISSUES. #debate",,10/10/2016 02:52,en,11060,2674
7.8531e+17,0.6502181,0.30336455,0.04641734,katyperry,Twitter world: it's spelled Hillary with 2 L's (but I kinda have no room to talk re typosğŸ™„),,10/10/2016 02:43,en,6898,1540
7.85309e+17,0.0017646111,0.015087548,0.98314786,katyperry,YES THIS â¤µï¸ https://t.co/2VTRjE18I9,,10/10/2016 02:39,en,4255,985
7.85309e+17,0.0017646111,0.015087548,0.98314786,katyperry,I'm so glad for #earlyvoting #debates,,10/10/2016 02:39,en,5259,1204
7.85309e+17,0.0017646111,0.015087548,0.98314786,Twitter,"The biggest moments, Tweets, and topics on Twitter from the second of the presidential #debates. https://t.co/FcNAD62V1H",,10/10/2016 02:40,en,527,133
7.85308e+17,0.0033135847,0.18980673,0.80687964,katyperry,@BetteMidler I'm coming over with a bottle,,10/10/2016 02:38,en,2580,639
7.85308e+17,0.0033135847,0.18980673,0.80687964,katyperry,Make #karlbecker #1 TT if you have a â¤ï¸,,10/10/2016 02:38,en,4839,1304
7.85308e+17,0.0033135847,0.18980673,0.80687964,Twitter,"The #debates continue, streaming LIVE on Twitter. Watch the final presidential debate on Wednesday, 10/19.
https://t.co/l2fPw8j3O6",,10/10/2016 02:37,en,523,181
7.85307e+17,0.045281217,0.3443931,0.6103257,katyperry,MY HEART GOES ON,,10/10/2016 02:34,en,6459,2170
7.85306e+17,0.030188356,0.6293561,0.34045553,katyperry,. @RonanFarrow measly numbers ğŸ’…ğŸ¼,,10/10/2016 02:28,en,4466,1046
7.85306e+17,0.030188356,0.6293561,0.34045553,ladygaga,I just told @nbcwashington who I think is winning. Cast your vote now! #Debates #NBC4DC https://t.co/WU0xmfEzPR,,10/10/2016 02:27,en,4382,1466
7.85303e+17,0.09423859,0.84468305,0.061078414,katyperry,COME ON WE DONT HAVE TIME TO MISS THIS https://t.co/3ERvxQ29hd,,10/10/2016 02:17,en,4756,1268
7.85303e+17,0.09423859,0.84468305,0.061078414,katyperry,@RonanFarrow GIF u kno,,10/10/2016 02:16,en,1368,428
7.85303e+17,0.09423859,0.84468305,0.061078414,ladygaga,"Did he just say? ""How stupid is our country?""-Trump VERY IMPORTANT TO VOTE #presidentialdebate #Vote #Vote4America",,10/10/2016 02:17,en,12436,4866
7.85302e+17,0.005817457,0.13394728,0.8602352,katyperry,@RonanFarrow this is what the meme was created for ğŸ™ŒğŸ¼,,10/10/2016 02:14,en,1521,503
7.85299e+17,0.528622,0.40656105,0.06481697,katyperry,I notice these are not built in mics tonight...PLEASE DROP THE MIC TONIGHT HILL! ğŸ¤â¤µï¸ @HillaryClinton #DROPTHEMICHRC #debates,,10/10/2016 02:02,en,6745,1787
7.85299e+17,0.528622,0.40656105,0.06481697,instagram,"â€œMy overarching theme is the beauty of the ordinary.â€ â€“@juliegeb, #doortrait photographer (via @CBSSF) https://t.co/gh3UiCqQrD",,10/10/2016 02:00,en,633,125
7.85296e+17,0.07710321,0.79497856,0.12791824,katyperry,"*teeth, you get it.",,10/10/2016 01:50,en,4416,1182
7.85296e+17,0.07710321,0.79497856,0.12791824,katyperry,WHAT IT MEANS TO SMILE WITH YOUR MOUTH #YOUGOTTHIS https://t.co/QjyReSoivF,,10/10/2016 01:49,en,3740,967
7.85295e+17,0.28936026,0.608201,0.10243874,katyperry,RT IF YOU ARE YELLING AT THE TV RIGHT NOW. #debates,,10/10/2016 01:45,en,14952,9551
7.85294e+17,0.18407091,0.7358603,0.08006884,katyperry,KEEP THEM NOTES ğŸ“ @HillaryClinton,,10/10/2016 01:42,en,6108,1586
7.85294e+17,0.18407091,0.7358603,0.08006884,ladygaga,@Robert4533 go with your friends! Wear a flag! Talk about the future!,,10/10/2016 01:41,en,1971,603
7.85294e+17,0.18407091,0.7358603,0.08006884,ladygaga,Is everyone seeing how important it is to #vote? #presidentialdebate I'm as equally suspended in absurdity. Why is he hovering around her?,,10/10/2016 01:39,en,19766,6955
7.85291e+17,0.23748662,0.6513883,0.111125104,katyperry,I KNOW #GETTOTHEPOLICIES  https://t.co/Z9O29t0Kyh,,10/10/2016 01:27,en,4021,1008
7.85289e+17,0.5362715,0.39440164,0.0693268,katyperry,"PUSSY, say it!  https://t.co/2dHfe7QVkY",,10/10/2016 01:22,en,7661,2739
7.85288e+17,0.16761014,0.4992772,0.33311263,katyperry,BEST joke of the year https://t.co/Z77g8WC9WC,,10/10/2016 01:18,en,13965,8023
7.85287e+17,0.1547194,0.8025309,0.04274977,katyperry,@shannonwoodward beta blockers,,10/10/2016 01:14,en,1323,460
7.85285e+17,0.0018982018,0.08178704,0.9163148,katyperry,SLOW AND STEADY WINS THE RACE. ğŸ¢â¤ï¸ğŸ™ŒğŸ¼ #YOUGOTTHISHRC  https://t.co/IXsTRwDw59,,10/10/2016 01:04,en,6150,1589
7.85285e+17,0.0018982018,0.08178704,0.9163148,Twitter,"Streaming LIVE:

@HillaryClinton
#debates
@realDonaldTrump  

Watch on Twitter NOW! ğŸ‡ºğŸ‡¸ 
https://t.co/l2fPw8j3O6",,10/10/2016 01:04,en,669,486
7.85283e+17,0.56872094,0.40780792,0.023471097,katyperry,DON'T SHAKE HIS HAND #debates,,10/10/2016 00:55,en,9349,2333
7.85283e+17,0.56872094,0.40780792,0.023471097,TheEllenShow,Hey tweeps! Just woke up from a nap. Is there anything on TV tonight?,,10/10/2016 00:55,en,13432,1218
7.85266e+17,0.39873084,0.56382084,0.0374483,katyperry,"...police reform, gun control, mental health awareness, women's rights &amp; affordable education @HillaryClinton #Debates",,09/10/2016 23:49,en,7534,2032
7.85266e+17,0.39873084,0.56382084,0.0374483,katyperry,"Difficult subjects I'd like to hear thoughts on tonight are: national security, climate change, excess incarceration (aka modern slavery)...",,09/10/2016 23:49,en,10103,2428
7.85266e+17,0.39873084,0.56382084,0.0374483,cnnbrk,Widespread flooding expected for several days in North Carolina following Hurricane Matthew. https://t.co/vhsTXXWyuC,,09/10/2016 23:49,en,277,227
7.85261e+17,0.44586116,0.45531708,0.098821685,katyperry,...lays out her policies about difficult subjects to an audience that is already preparing a seat at the table for her ğŸ™ğŸ¼,,09/10/2016 23:29,en,8481,2001
7.85261e+17,0.44586116,0.45531708,0.098821685,katyperry,My wish for tonight's #Debates is that @HillaryClinton ignores the troll's time-wasting distractions and...,,09/10/2016 23:29,en,7391,1965
7.84861e+17,0.30422384,0.5758507,0.11992537,katyperry,"I dare you to stay home from the club tonight and get woke, I am: https://t.co/urCKMJvZfK",,08/10/2016 21:01,en,8879,2624
7.84699e+17,0.009910975,0.78735286,0.20273615,katyperry,Gone fishin ğŸ£ https://t.co/LQS6Z9fNH0,,08/10/2016 10:16,en,7056,2058
7.84671e+17,0.11270922,0.5783442,0.30894646,katyperry,@KatysMyHabibi Nope. I would stay and peacefully protest. ğŸ™ğŸ¼,,08/10/2016 08:25,en,2193,802
7.84666e+17,0.24453568,0.6406881,0.11477612,katyperry,"@sella_sandra it was one of those classic ""celebs should keep their opinion to themselves lols""",,08/10/2016 08:04,en,1881,633
7.84664e+17,0.031781267,0.22362962,0.7445891,katyperry,"Wait...he is a celeb...so what ur saying is...don't use your voice...BUT run for president! Oh! Got it, thanks â¤ï¸ğŸ™ŒğŸ¼ https://t.co/IvJXAGKsr5",,08/10/2016 07:57,en,8308,1784
7.84661e+17,0.07374993,0.57465553,0.35159448,katyperry,"LğŸ‘€k! I found the new trump campaign clip, watch here: https://t.co/bOeW8CRYIW #happyhalloween? #NSFW",,08/10/2016 07:46,en,5938,1707
7.84652e+17,0.011512217,0.25978246,0.72870535,katyperry,"Finally, some light at the end of the tunnel!  https://t.co/GOH9wfzw5v",,08/10/2016 07:11,en,5396,1365
7.84652e+17,0.011512217,0.25978246,0.72870535,cnnbrk,"Part of I-95 in South Carolina is impassable in both directions because of Hurricane #Matthew , state DOT says.â€¦ https://t.co/XHj2L8C17T",,08/10/2016 07:11,en,327,319
7.84626e+17,0.001251242,0.038990017,0.9597587,katyperry,Gay 4 DOLLY! â¤ï¸ğŸ’›ğŸ’šğŸ’™ğŸ’œ https://t.co/WFuw4IyXPf,,08/10/2016 05:27,en,6502,1823
7.84626e+17,0.001251242,0.038990017,0.9597587,ladygaga,"@nympelle dilated falling free, in a modern ecstasy!",,08/10/2016 05:25,en,2570,798
7.84606e+17,0.23489292,0.676397,0.08871011,katyperry,@CraigyFerg @RealMattLucas never forget skittles.,,08/10/2016 04:07,en,1659,538
7.84605e+17,0.6022301,0.34981498,0.04795491,katyperry,"If you have any more excuses about him after watching this, God have mercy on your soul.  https://t.co/Xi8Xba3ijw",,08/10/2016 04:04,en,17523,6459
7.84209e+17,0.0016081173,0.1487284,0.8496635,katyperry,Yes! Everyone is getting into formationâ—ï¸ https://t.co/K46vKw8AOy,,07/10/2016 01:51,en,10279,3536
7.84207e+17,0.009192263,0.5128257,0.47798198,katyperry,@BrunoMars I am ready papi,,07/10/2016 01:39,en,8383,5223
7.84165e+17,0.10368528,0.66235703,0.23395763,katyperry,A visual explanation to what ppl in Florida and surrounding areas are experiencing... ğŸ™ send them prayers up!   https://t.co/cWxMoVoJxK,,06/10/2016 22:56,en,11469,4183
7.84163e+17,0.000867605,0.012879962,0.9862525,katyperry,My new president and my new preacher together at last!!! â¤ï¸ğŸ™ŒğŸ¼ https://t.co/PI8D5CfLEz,,06/10/2016 22:44,en,7546,1967
7.83952e+17,0.12479526,0.443882,0.4313227,katyperry,â—ï¸HOLY SHITâ—ï¸ this song by @skottpeace is vibes for days: https://t.co/YjxFCpEuAQ,,06/10/2016 08:46,en,7016,1943
7.83813e+17,0.20422679,0.5085852,0.28718793,katyperry,"You hear it as ""excellent"" I hear it as ""egg salad with lint"" ğŸ¤”",,05/10/2016 23:36,en,14456,4401
7.8356e+17,0.00540039,0.77611816,0.21848136,katyperry,. @ferras &amp; I are cadence kweens ğŸ‘‘ cc @jessesaintjohn,,05/10/2016 06:51,en,7116,1545
7.8356e+17,0.00540039,0.77611816,0.21848136,ladygaga,"@fu just do what I would do. FğŸ’–CK IT. Live your life, no shame. Love, Joanne xoxo",,05/10/2016 06:52,en,2693,1022
7.83462e+17,0.07887442,0.32919,0.5919356,katyperry,You know it's a good meeting when you have fomo while just going to the toilet.,,05/10/2016 00:19,en,12614,3333
7.83462e+17,0.07887442,0.32919,0.5919356,cnnbrk,"Eye of Hurricane Matthew made landfall near eastern tip of Cuba, National Hurricane Center says. https://t.co/7nIYXRtKEl",,05/10/2016 00:23,en,183,201
7.83042e+17,0.5302524,0.3196397,0.15010792,katyperry,"WOAH. Was floored by my bestie @shannonwoodward last night in @WestworldHBO I'm foaming at the mouth for more, questioning everything todayğŸ˜",,03/10/2016 20:31,en,7287,1946
7.82491e+17,0.005936436,0.06704765,0.92701596,katyperry,"In a world driven by fear @DollyParton makes me feel safe, pure and simple. â¤ï¸",,02/10/2016 08:04,en,15903,3523
7.82176e+17,0.012183812,0.8721299,0.11568633,katyperry,ready for October like https://t.co/thGnDNXJSA,,01/10/2016 11:10,en,25617,8251
7.8176e+17,0.004157635,0.26458922,0.7312531,katyperry,meaningful lyrical connection + bit of math + makes your head bob = ğŸ‘ğŸ¼ pop song recipe,,30/09/2016 07:37,en,14776,4513
7.8162e+17,0.25165513,0.6515338,0.096811146,katyperry,When you think summer is over but it's still about 90 degrees out here and you need to match theâ€¦ https://t.co/bbSdnVBuTK,,29/09/2016 22:23,en,8879,2186
7.81571e+17,0.09417955,0.33948955,0.5663309,katyperry,"HOW MANY MORE FUNNY THINGS DO WE HAVE TO DO TO GET YA TO THE POLLS NOV 8TH?!
LOL. But seriously: https://t.co/hv3DTAms4Q #VoteHoney",,29/09/2016 19:06,en,8775,2631
7.81383e+17,0.005835813,0.23664632,0.7575179,katyperry,A MUST READ FOR OUR FUTURE: orlandobloom's photo https://t.co/Gu92AvMAep,,29/09/2016 06:40,en,7727,2149
7.81312e+17,0.92528564,0.06738777,0.0073266644,katyperry,Is something quite atrocious.   https://t.co/lCaBW3MeAz,,29/09/2016 01:58,en,7194,1825
7.8074e+17,0.002261434,0.3458636,0.651875,katyperry,"Today, on #VoterRegistrationDay, I, @funnyordie and @rockthevote invite you to... #IRegistered https://t.co/6kscHoRa0k",,27/09/2016 12:03,en,33155,13915
7.80605e+17,0.002117636,0.13835156,0.8595308,katyperry,From the beginning ğŸ‘ŠğŸ¼ https://t.co/JvNAjZZ5jr,,27/09/2016 03:09,en,13711,4717
7.80599e+17,0.13239491,0.8259646,0.041640416,katyperry,when* https://t.co/yipPmkadwu,,27/09/2016 02:43,en,13035,4125
7.80598e+17,0.08557894,0.7751888,0.13923223,katyperry,Sleeping for a week now ğŸ‘‹ğŸ¼ #debates,,27/09/2016 02:41,en,9281,2258
7.80597e+17,0.03662649,0.82514304,0.13823049,katyperry,OMG THE BIBLE â—ï¸ https://t.co/eiUdKAkPGO,,27/09/2016 02:35,en,5538,1408
7.80595e+17,0.1136671,0.84550714,0.04082568,katyperry,@mrgaryhuang @iamrashidajones this is what this gif was made for BRAVO,,27/09/2016 02:29,en,1901,563
7.80595e+17,0.1136671,0.84550714,0.04082568,katyperry,Is this a comedic episode of Black Mirror or... https://t.co/4HtLoqn1la,,27/09/2016 02:27,en,6063,1689
7.80595e+17,0.1136671,0.84550714,0.04082568,instagram,"Elevating a triangle of light into a sidewalk encounter for #WHPlightplay
https://t.co/fzXM90Povi",,27/09/2016 02:30,en,577,101
7.80594e+17,0.7106765,0.2670407,0.022282796,katyperry,This is like watching a frog sitting in water that is boiling slowly... #debates,,27/09/2016 02:23,en,9924,2704
7.80593e+17,0.10062254,0.7994143,0.09996319,katyperry,5 minute time out for sure  https://t.co/28HApNqB4i,,27/09/2016 02:20,en,6649,2010
7.80592e+17,0.40551215,0.53342164,0.06106623,katyperry,May I request one with a pitched down pls  https://t.co/C1JQl010mD,,27/09/2016 02:18,en,4703,1167
7.80592e+17,0.40551215,0.53342164,0.06106623,katyperry,". @sallykohn sorry, meditation. I can't even spell anymore #debates",,27/09/2016 02:16,en,4414,973
7.80592e+17,0.40551215,0.53342164,0.06106623,katyperry,. @sallykohn I'm going straight into a mediation after this.,,27/09/2016 02:15,en,4501,999
7.80591e+17,0.0015143284,0.09705898,0.9014267,katyperry,Must be the prep lol  https://t.co/ds5tG6XjVn,,27/09/2016 02:13,en,7142,1858
7.80591e+17,0.0015143284,0.09705898,0.9014267,katyperry,"@sofifii there you are, welcome to the party bb",,27/09/2016 02:13,en,1756,580
7.8059e+17,0.1318594,0.76067597,0.107464634,katyperry,*sets up catheter to not miss a beat* #debates,,27/09/2016 02:08,en,6336,1565
7.80589e+17,0.081411704,0.66662425,0.251964,katyperry,It's a #Debates drinking game for sure ğŸ·ğŸ¸ğŸºğŸ¾ https://t.co/0hjPbm6Yuu,,27/09/2016 02:04,en,5403,1367
7.80588e+17,0.029773798,0.5043535,0.46587262,katyperry,I literally just did a dance around the room in my pj'sâ—ï¸ğŸ¤â¤µï¸ https://t.co/DCb4tyk9Zz,,27/09/2016 02:02,en,6521,1724
7.80588e+17,0.029773798,0.5043535,0.46587262,katyperry,. @getglucky and Santa is real lol,,27/09/2016 01:58,en,4229,1022
7.80587e+17,0.07818951,0.66705793,0.25475255,katyperry,Buy me something off my amazon prime list  https://t.co/EWenA4cq1F,,27/09/2016 01:58,en,5672,1582
7.80581e+17,0.006551932,0.13040526,0.86304283,katyperry,She's smiling with ease cause #shesgotthis #ImWithHer #debatenight,,27/09/2016 01:31,en,11701,3583
7.80579e+17,0.023130784,0.44041935,0.5364499,katyperry,YOU LIVE IN YOUR OWN REALITY ğŸ’¥ğŸ’£ #debatenight,,27/09/2016 01:24,en,10852,4101
7.80579e+17,0.023130784,0.44041935,0.5364499,TheEllenShow,"They say 100M people are watching these #debates. If youâ€™re interested enough to watch, I hope youâ€™re interested enough to vote. We need you",,27/09/2016 01:24,en,64030,24297
7.80579e+17,0.023130784,0.44041935,0.5364499,KimKardashian,Since Kanye rarely smiles his Kimoji laughing face case is only available today. Times almost up! https://t.co/f1QqN6kTGP,,27/09/2016 01:24,en,4803,652
7.80579e+17,0.023130784,0.44041935,0.5364499,cnnbrk,Get the Florida feels. Watch real-time reaction from undecided voters in the Sunshine State. https://t.co/3zkKhufZdY https://t.co/AhEyshH2qb,,27/09/2016 01:25,en,343,163
7.80513e+17,0.0042430595,0.12876992,0.866987,katyperry,"TOMORROW, I USE MY BODY AS CLICK BAIT TO HELP CHANGE THE WORLD ğŸ‘ŠğŸ¼ https://t.co/1a2GMm6PMi",,26/09/2016 21:03,en,17967,6291
7.80513e+17,0.0042430595,0.12876992,0.866987,ddlovato,I love hanging in my sweats watching some Netflix or kicking ass in the gym and Jiu Jitsu ğŸ’ªğŸ’¦ #AskDemi #HHM https://t.co/3fIlREepCj,,26/09/2016 21:04,en,9221,3645
7.80513e+17,0.0042430595,0.12876992,0.866987,ddlovato,Definitely Stone Cold or Confident. Loved hearing the reaction from the crowd when we started with Confident ğŸ˜Šâ€¦ https://t.co/rqyj0IG0dy,,26/09/2016 21:02,en,11422,4235
7.80411e+17,0.009196996,0.7654558,0.22534716,katyperry,Ready for #mudslingmonday #YOUGOTTHISHRC https://t.co/0lbXPnUKDD,,26/09/2016 14:15,en,10444,2867
7.7994e+17,0.03081905,0.91777325,0.051407617,katyperry,@KatyCatKenzie I'm Gaten Matarazzo from ST. TBH.,,25/09/2016 07:05,en,2259,713
7.79938e+17,0.0012911035,0.036065888,0.962643,katyperry,@perryschild thank you for this foto,,25/09/2016 06:56,en,2199,641
7.79937e+17,0.021945762,0.5652046,0.41284958,katyperry,@emilynotchez oh look who's back,,25/09/2016 06:52,en,2099,604
7.79936e+17,0.8451321,0.14406997,0.010797894,katyperry,@hotxcolds @maddisonxperry more shame. I guess I'll just stop interacting.,,25/09/2016 06:49,en,2009,607
7.79935e+17,0.21298562,0.46036443,0.32665,katyperry,. @akaruikaty cause you can't have fun if you don't feel safe bb ğŸ’ğŸ»,,25/09/2016 06:44,en,6244,1317
7.79934e+17,0.0059749144,0.12868482,0.8653403,katyperry,". @maddisonxperry !WOMEN'S! calm down, I scored an 99. (room to grow ğŸ’…ğŸ¼)",,25/09/2016 06:42,en,4961,1007
7.79933e+17,0.2904643,0.46598178,0.24355386,katyperry,"@Chillinlaidback oh yeah add better education initiatives &amp; affordable schooling, obvi I would have benefited from that as per my typo's ğŸ˜‘",,25/09/2016 06:38,en,1933,612
7.79932e+17,0.010683422,0.13008341,0.8592332,katyperry,. @maddisonxperry oh I forgot mental health awarenessâ—ï¸ğŸ™‡ğŸ»â€â™€ï¸ğŸ™‡ğŸ¼â¤ï¸,,25/09/2016 06:35,en,5481,1164
7.79931e+17,0.11625737,0.6749474,0.20879523,katyperry,". @maddisonxperry national security, gun control, police reform, excess incarceration and woman's rightsâ—ï¸ğŸ‘ŠğŸ¼ğŸ“š",,25/09/2016 06:30,en,5995,1320
7.79901e+17,0.009745812,0.21845493,0.77179927,katyperry,"I agree w/all besides part about the intentions of both candidates. Well spoken KKW, we must feel safe to askâ“'s ğŸ‘ğŸ¼! https://t.co/Td5XEoHgpL",,25/09/2016 04:31,en,12636,2955
7.79466e+17,0.2421458,0.5629604,0.19489378,katyperry,"AYE, ERRYONE! LISTEN TO THIS CHUNE! (gonna sprain a hip at some point this weekendğŸ‘£ğŸ’ƒğŸ»ğŸ‘£) https://t.co/IpwrqGTYqZ",,23/09/2016 23:42,en,8826,2395
7.79313e+17,0.0010033948,0.05158317,0.94741344,katyperry,â¤ï¸when you find your princeâ¤ï¸ @ Shanghai Disneyland Park https://t.co/ObMuM96RxV,,23/09/2016 13:35,en,10049,2865
7.78722e+17,0.00084194343,0.032457788,0.96670026,katyperry,Zuck &amp; Chan for prez 2024! ğŸ™ŒğŸ¼ â¤ï¸,,21/09/2016 22:27,en,9277,2578
7.7872e+17,0.0024052523,0.102953464,0.8946412,katyperry,@ChrisAnokute @zaralarsson been watching it from fetus ğŸ‘€â¤ï¸,,21/09/2016 22:16,en,3647,1394
7.78719e+17,0.07466853,0.8783509,0.04698047,katyperry,Dose me bb https://t.co/PQizdxGN7o,,21/09/2016 22:14,en,7152,2139
7.78329e+17,0.041560005,0.85982996,0.09860994,katyperry,tbh shakespeare ğŸ­  https://t.co/cbegran1Nh,,20/09/2016 20:24,en,10772,3883
7.78329e+17,0.041560005,0.85982996,0.09860994,ladygaga,"@perfillusion I'm can't wait, the wait for me has felt so long to share this all with you!",,20/09/2016 20:24,en,4333,1751
7.78133e+17,0.06617636,0.61137974,0.32244393,katyperry,so. ready.  https://t.co/jScELN4PoA,,20/09/2016 07:26,en,10705,3297
7.77993e+17,0.05130144,0.7280371,0.22066142,katyperry,my body is a temple ğŸ¬â›ªï¸ğŸ¬ https://t.co/V5HDQG0kxG,,19/09/2016 22:10,en,10699,3092
7.77418e+17,0.3434856,0.51996565,0.13654876,katyperry,@BeyElite it's called calling bs ğŸ’…ğŸ¼ğŸ’…ğŸ¼ğŸ’…ğŸ¼,,18/09/2016 08:02,en,3249,886
7.77416e+17,0.0012627218,0.15830508,0.84043217,katyperry,@kuntyewest needs a chiroprac -gma perry,,18/09/2016 07:57,en,2943,824
7.77416e+17,0.0012627218,0.15830508,0.84043217,katyperry,@KATYPERRYRISES soon I'm on 9%,,18/09/2016 07:56,en,2910,826
7.77416e+17,0.0012627218,0.15830508,0.84043217,katyperry,@godneybjs see you at my show 2K17ğŸ˜˜,,18/09/2016 07:54,en,7151,4059
7.77415e+17,0.04068704,0.6613581,0.29795486,katyperry,@liquoronurlips Choose life. Don't let those words come out your mouth.,,18/09/2016 07:53,en,2840,876
7.77415e+17,0.04068704,0.6613581,0.29795486,katyperry,@isaacfromCT no there's always room,,18/09/2016 07:52,en,2384,652
7.77414e+17,0.17018183,0.73130345,0.09851475,katyperry,@pizza4katy calm down,,18/09/2016 07:48,en,2534,707
7.77413e+17,0.0025296682,0.06294711,0.93452317,katyperry,@liquoronurlips will be sending a prayer up for you tonight. You're strong. We have your back. â¤ï¸,,18/09/2016 07:45,en,2761,873
7.77412e+17,0.022814598,0.5072922,0.46989322,katyperry,@HoliestKaty iconic,,18/09/2016 07:39,en,2760,906
7.77411e+17,0.17307505,0.539329,0.28759602,katyperry,@Amelia_Libman also I hv had one of those lime a ritas and they are cray,,18/09/2016 07:38,en,2180,606
7.77411e+17,0.17307505,0.539329,0.28759602,katyperry,@Amelia_Libman I've only had 2 can't I just b nice,,18/09/2016 07:37,en,2172,593
7.77411e+17,0.17307505,0.539329,0.28759602,cnnbrk,Cops: Man stabs 8 people at MN mall before off-duty officer kills him; witness says he asks if 1 target was Muslim. https://t.co/knSJWJ4taI,,18/09/2016 07:38,en,689,928
7.7741e+17,0.001454996,0.04202152,0.95652354,katyperry,@katycatSWEDEN thank you for this,,18/09/2016 07:33,en,2222,605
7.77409e+17,0.005973722,0.076683074,0.9173432,katyperry,@hollykittykaty @Katysprincess drink pedialyte.,,18/09/2016 07:30,en,2031,575
7.77409e+17,0.005973722,0.076683074,0.9173432,katyperry,@Katysprincess drink 1 glass of water,,18/09/2016 07:29,en,2169,616
7.77409e+17,0.005973722,0.076683074,0.9173432,katyperry,@katysdonut a finely chopped anything. Love endive tho and I go wild for hearts of palm tbh.,,18/09/2016 07:26,en,2108,619
7.77407e+17,0.02253741,0.52993387,0.4475287,katyperry,@carlythekatycat jk ily,,18/09/2016 07:21,en,2111,595
7.77407e+17,0.02253741,0.52993387,0.4475287,katyperry,"@carlythekatycat don't come for me, I birthed u",,18/09/2016 07:21,en,2294,695
7.77407e+17,0.02253741,0.52993387,0.4475287,katyperry,"@katycatsophia at least we're on the same time zones, think of Brazil",,18/09/2016 07:19,en,2570,1067
7.77406e+17,0.012607447,0.8189424,0.1684501,katyperry,"@Leah_Haworth @fridaaperry @katystumblrr I hv 140 characters, whut do u want?",,18/09/2016 07:18,en,2335,742
7.77406e+17,0.012607447,0.8189424,0.1684501,katyperry,@Iegendarylovers @KatysMyHabibi @katystumblrr yeah mines in the mail,,18/09/2016 07:16,en,1997,566
7.77402e+17,0.4784573,0.4714514,0.05009131,katyperry,@Katycatveronica because I am saving some mystery. Jk I don't have room on my phone. Waiting for my new iPhone with more storage. ğŸ˜‘,,18/09/2016 07:02,en,2489,858
7.77402e+17,0.4784573,0.4714514,0.05009131,katyperry,"@Jes00sica everything's a lie, watch zeitgeist.",,18/09/2016 07:00,en,1993,590
7.77402e+17,0.4784573,0.4714514,0.05009131,katyperry,@evrenperry stay shook papa,,18/09/2016 06:59,en,2176,684
7.77402e+17,0.4784573,0.4714514,0.05009131,katyperry,@KatysMyHabibi @katystumblrr meaning I need more space on my phone to do stories cause I'm a secret hoarder.,,18/09/2016 06:59,en,2081,635
7.77401e+17,0.17544761,0.76319784,0.06135453,katyperry,@fridaaperry @katystumblrr this is true. I meant to add there was condiments on the first 1 and the 2nd one I didn't have time. ğŸ˜”,,18/09/2016 06:57,en,2000,596
7.77401e+17,0.17544761,0.76319784,0.06135453,katyperry,"@katyperryslave @katystumblrr cuz I'm hungry, u?",,18/09/2016 06:56,en,2155,738
7.774e+17,0.50148886,0.43120322,0.06730787,katyperry,@katystumblrr to b clear the 1st time means my 1st hot dog. There were 2.  #moreshame #idcimwriting #helovesmeforme,,18/09/2016 06:54,en,2043,635
7.774e+17,0.50148886,0.43120322,0.06730787,katyperry,@katystumblrr cuz I tried to do it the 1st time &amp; I didn't have any space so I deleted an app &amp; had to do it again &amp; then my fv song came on,,18/09/2016 06:53,en,2193,699
7.77376e+17,0.031472016,0.36350596,0.605022,katyperry,I no longer subscribe to organized religion but I believe in @chancetherapper ğŸ™ğŸ¼,,18/09/2016 05:19,en,16890,4201
7.77228e+17,0.6201534,0.33828714,0.0415594,katyperry,ğŸ˜©me and you when we fightğŸ˜© https://t.co/yeFbCoV3us,,17/09/2016 19:28,en,10156,2834
7.7709e+17,0.012838396,0.5146876,0.47247404,katyperry,@perrysmic it was a belly laugh tbh,,17/09/2016 10:20,en,2364,703
7.77089e+17,0.01613288,0.6128544,0.37101275,katyperry,@Hakimkharbouch bless,,17/09/2016 10:18,en,2252,658
7.77086e+17,0.051976483,0.5162223,0.4318013,katyperry,idc about followers but I hope this one gets me to 56 milly on ig cause my ocd is flaring https://t.co/OBKPpqDjhc,,17/09/2016 10:05,en,10619,2799
7.77086e+17,0.051976483,0.5162223,0.4318013,cnnbrk,"Author W.P. Kinsella, whose book inspired the movie â€œField of Dreams,â€ has died at age 81. https://t.co/n79cpd5ubn https://t.co/E2DtE8yvqe",,17/09/2016 10:06,en,550,354
7.77032e+17,0.08371431,0.5096598,0.40662584,katyperry,When you write such a fire lyric that you give yourself hives ğŸ”¥â›‘ğŸ˜µ,,17/09/2016 06:28,en,22196,6261
7.76895e+17,0.072559476,0.8693341,0.05810644,katyperry,secret hipster but generally a voice of the gp,,16/09/2016 21:24,en,13861,4070
7.76678e+17,0.0010739289,0.014137526,0.98478854,katyperry,@GraceVanderWaal Congrats! You have it. Protect it and keep ğŸ¸ing and âœï¸ing...it will always serve you â¤ï¸,,16/09/2016 07:05,en,6888,2194
7.76665e+17,0.022764223,0.6102535,0.36698234,katyperry,Ayyye...It's all about the long plaaaaay...,,16/09/2016 06:12,en,13247,3957
7.76496e+17,0.05998112,0.33555257,0.6044663,katyperry,ğŸ˜© proud mummy ğŸ˜© https://t.co/kj16ue6aiQ,,15/09/2016 19:01,en,9447,2788
7.76345e+17,0.2197729,0.7434613,0.036765747,katyperry,my locations tho idk https://t.co/X7XlNUWeEk,,15/09/2016 08:59,en,7386,2011
7.76345e+17,0.2197729,0.7434613,0.036765747,cnnbrk,Woman who police photographed passed out in car after alleged OD is due in court today. https://t.co/vmcOpQmw07 https://t.co/L2754xsSnm,,15/09/2016 08:59,en,517,295
7.76229e+17,0.020556044,0.3436142,0.63582975,katyperry,When ur so creatively busy that you look down and realize you can make a hair do from your pit hair that's grown since igaf. Tight ğŸ˜,,15/09/2016 01:18,en,19553,4964
7.76142e+17,0.10265732,0.7968742,0.10046853,katyperry,What if I just made a record full of scatting covers cc @getglucky cc @JackGarratt,,14/09/2016 19:32,en,9133,2423
7.7613e+17,0.061765283,0.82541025,0.11282451,katyperry,Suggestion for next iPhone update: Person gets notification when they've been screen shotted and sent to group chat (tbh me),,14/09/2016 18:46,en,23381,7677
7.7613e+17,0.061765283,0.82541025,0.11282451,KimKardashian,@itsKELSEYtho happy birthday beautiful doll!!! ğŸ‚ğŸ‚ğŸ‚,,14/09/2016 18:48,en,355,68
7.76105e+17,0.08046287,0.83401644,0.0855208,katyperry,@kanyewest unplug to connect.,,14/09/2016 17:05,en,4715,1830
7.75531e+17,0.008095016,0.23921603,0.752689,katyperry,Helped deliver my sister's baby at 2pm &amp; am in the studio by 8pm. GET A GIRL THAT CAN DO BOTHâ—ï¸ğŸ‘¶ğŸ»ğŸ¤,,13/09/2016 03:07,en,35276,7934
7.75454e+17,0.0023310403,0.032378417,0.9652905,katyperry,HAPPY TO HEAR YOU ARE HUMAN!ğŸ’ªğŸ¼Stay StrongğŸ’ªğŸ¼ @HillaryClinton,,12/09/2016 22:00,en,12628,3466
7.75454e+17,0.0023310403,0.032378417,0.9652905,YouTube,A Paralympian shows off his incredible ride â†’ https://t.co/7CdzHGvvoI https://t.co/4LR7AhzD8Q,,12/09/2016 22:00,en,1130,235
7.75092e+17,0.55237204,0.39734277,0.050285194,katyperry,fkinsnapss's video https://t.co/URPKvQnOna this might be too much but idc,,11/09/2016 22:02,en,8243,2348
7.7509e+17,0.7333083,0.25244632,0.014245314,katyperry,It was rigged from the get  https://t.co/hkKIyfd95u,,11/09/2016 21:53,en,10253,2748
7.7509e+17,0.7333083,0.25244632,0.014245314,KimKardashian,Rob &amp; Chyna are revealing the if its a boy or a girl tonight! What do you guys think they are having???,,11/09/2016 21:53,en,14379,1731
7.75083e+17,0.05948575,0.7714516,0.16906264,katyperry,@JunkyGS you know me well,,11/09/2016 21:24,en,2766,787
7.75082e+17,0.8903525,0.09552552,0.014122004,katyperry,"Just went to a child's party and am now dissecting the lyrics to Rosie Posie, Rock A Bye Baby &amp; This Little Piggy ğŸ’€ TBH some f*ed up stuff.",,11/09/2016 21:20,en,19133,4429
7.75082e+17,0.8903525,0.09552552,0.014122004,ddlovato,My little baby https://t.co/KJ2ujiNnLD,,11/09/2016 21:22,en,35755,10555
7.74888e+17,0.006744742,0.055133693,0.93812156,katyperry,I love you pre internet.,,11/09/2016 08:32,en,20936,6190
7.74816e+17,0.13627532,0.71490294,0.14882176,katyperry,Ayyye anyone at @drake show have an extra baby wipe for my white @AdidasBoosts my leg makeup is dripping,,11/09/2016 03:44,en,16224,4162
7.74729e+17,0.0035676744,0.16621001,0.8302223,katyperry,Cheesecakes here. Ily â¤ï¸,,10/09/2016 21:58,en,19943,5407
7.74729e+17,0.0035676744,0.16621001,0.8302223,katyperry,@lilithia thanks for the reminder,,10/09/2016 21:58,en,4098,949
7.74729e+17,0.0035676744,0.16621001,0.8302223,YouTube,New @ChiliPeppers has us feeling like â†’ https://t.co/ZhcLcMkJGK https://t.co/nSccW7GySo,,10/09/2016 22:00,en,1126,213
7.74728e+17,0.019266305,0.8528849,0.12784886,katyperry,"@UltimateBeyHive I don't think, I listen. ğŸ™ğŸ¼",,10/09/2016 21:57,en,5516,1994
7.74728e+17,0.019266305,0.8528849,0.12784886,katyperry,@DailyMendesLife @ShawnMendes talent,,10/09/2016 21:53,en,10203,5296
7.74727e+17,0.40401864,0.52132,0.074661344,katyperry,@royale_lala @Musicnews_feed what do you want a picture of today's newspaper by my head?,,10/09/2016 21:52,en,4055,1207
7.74727e+17,0.40401864,0.52132,0.074661344,katyperry,@HoliestKaty never finished it :-/,,10/09/2016 21:51,en,3993,1160
7.74727e+17,0.40401864,0.52132,0.074661344,katyperry,@greenIight thanks but painful,,10/09/2016 21:49,en,3826,1070
7.74727e+17,0.40401864,0.52132,0.074661344,KimKardashian,Love this look! Clear thigh high boots ğŸ˜ğŸ‘…ğŸ”¥ YEEZY SEASON 4 https://t.co/U0HJKqDslK,,10/09/2016 21:50,en,12039,2111
7.74726e+17,0.013114055,0.49880832,0.4880776,katyperry,@Gagas_Illusion I hated those days,,10/09/2016 21:48,en,10429,5628
7.74726e+17,0.013114055,0.49880832,0.4880776,katyperry,@lesbiyonce *listens to I love Kanye once*,,10/09/2016 21:46,en,4562,1391
7.74725e+17,0.002182926,0.09671096,0.9011062,katyperry,@likelivingart wait is that like an early 2000's ref? Ily,,10/09/2016 21:44,en,3279,797
7.74725e+17,0.002182926,0.09671096,0.9011062,katyperry,@blurryhface SO MUCH,,10/09/2016 21:41,en,8817,3956
7.74725e+17,0.002182926,0.09671096,0.9011062,katyperry,@lordofgiraffex yes ğŸ™ğŸ¼ and yes,,10/09/2016 21:41,en,4757,1796
7.74724e+17,0.5580238,0.42002335,0.021952849,katyperry,"@ifuseekamy_ me too, I'm not perfect bb",,10/09/2016 21:41,en,5753,2763
7.74724e+17,0.5580238,0.42002335,0.021952849,katyperry,@legendarymalek crap I meant *don't. I hate typos.,,10/09/2016 21:39,en,2894,816
7.74724e+17,0.5580238,0.42002335,0.021952849,katyperry,@hausoframez I have always been this way. Check the timeline.,,10/09/2016 21:38,en,3616,1078
7.74724e+17,0.5580238,0.42002335,0.021952849,katyperry,@kuntyewest hunny id unstan myself,,10/09/2016 21:37,en,7320,3300
7.74723e+17,0.27131227,0.68462884,0.044058885,katyperry,@chIoekardashian @theIife @handstomyseIf @legendarylovers @cIosetoyou lucky,,10/09/2016 21:35,en,2645,645
7.74723e+17,0.27131227,0.68462884,0.044058885,katyperry,@Gagas_Fandom so what you're saying is it's Opposite Day,,10/09/2016 21:35,en,2909,767
7.74722e+17,0.013729602,0.40048826,0.5857822,katyperry,"@legendarymalek bb I've always been an open book bearer of light done come for me, love you.",,10/09/2016 21:33,en,3203,1004
7.74722e+17,0.013729602,0.40048826,0.5857822,katyperry,@thinagedream be still my heart,,10/09/2016 21:31,en,3201,918
7.74722e+17,0.013729602,0.40048826,0.5857822,instagram,The most stylish 3-year-old ever (via @BuzzfeedIndia) https://t.co/HQPrIcifDY,,10/09/2016 21:30,en,688,149
7.74721e+17,0.6428093,0.34249642,0.014694247,katyperry,@ConditionalBabe too much for me but I love,,10/09/2016 21:28,en,3053,830
7.74721e+17,0.6428093,0.34249642,0.014694247,katyperry,@dannysuschrist @DrJillStein you have no facts or context bb o,,10/09/2016 21:26,en,2928,785
7.7472e+17,0.024049966,0.77614486,0.19980522,katyperry,@prismdluxe ur right I've had too much truth tea this morn,,10/09/2016 21:25,en,3222,946
7.7472e+17,0.024049966,0.77614486,0.19980522,katyperry,"@HerWonkEye @katycatsophia @camilasviews if she says sorry, sure!",,10/09/2016 21:23,en,32579,23580
7.7472e+17,0.024049966,0.77614486,0.19980522,katyperry,@GagaLovesBey get a new approach bb,,10/09/2016 21:23,en,6045,3119
7.7472e+17,0.024049966,0.77614486,0.19980522,katyperry,@ShadyKatyFacts girl trust the process,,10/09/2016 21:22,en,3391,1152
7.74719e+17,0.27828458,0.69316405,0.028551353,katyperry,"@LimaLimoncia love this, we can't say hate ok",,10/09/2016 21:20,en,2669,740
7.74719e+17,0.27828458,0.69316405,0.028551353,katyperry,@heavymetaIovers sorry I went too far. Love ya,,10/09/2016 21:19,en,2597,691
7.74719e+17,0.27828458,0.69316405,0.028551353,katyperry,"@heavymetaIovers pink drink, look it up basics",,10/09/2016 21:19,en,2963,848
7.74719e+17,0.27828458,0.69316405,0.028551353,katyperry,@dannysuschrist whut like trump?,,10/09/2016 21:18,en,2954,811
7.74718e+17,0.5652546,0.41208106,0.022664275,katyperry,@waIkingonair yes this,,10/09/2016 21:16,en,2199,577
7.74718e+17,0.5652546,0.41208106,0.022664275,katyperry,@katycatsophia @camilasviews JK ily,,10/09/2016 21:14,en,3310,812
7.74718e+17,0.5652546,0.41208106,0.022664275,katyperry,@katycatsophia @camilasviews don't make me come back to SB and sit ya down,,10/09/2016 21:13,en,2532,750
7.74717e+17,0.0027187269,0.020438986,0.97684234,katyperry,@Eduardo_KatyCat this is art bb,,10/09/2016 21:12,en,2482,694
7.74717e+17,0.0027187269,0.020438986,0.97684234,katyperry,@katyswetdream like he deserves a full scholarship somewhere,,10/09/2016 21:10,en,3627,895
7.74717e+17,0.0027187269,0.020438986,0.97684234,katyperry,@katherynsgod not you but I love this feature cc @instagram,,10/09/2016 21:09,en,2208,609
7.74716e+17,0.09285888,0.78203785,0.12510328,katyperry,@camilasviews well that's fine cause there isn't one rn so ğŸ‘‹ğŸ¼,,10/09/2016 21:08,en,5257,1648
7.74716e+17,0.09285888,0.78203785,0.12510328,katyperry,@katystddbr it's dna,,10/09/2016 21:07,en,2210,627
7.74716e+17,0.09285888,0.78203785,0.12510328,katyperry,@katyboobies too many drinks,,10/09/2016 21:06,en,2195,626
7.74716e+17,0.09285888,0.78203785,0.12510328,katyperry,@katyboobies Saturday,,10/09/2016 21:06,en,2179,603
7.74715e+17,0.40211895,0.5413992,0.05648191,katyperry,@royaItyler that subtle soft touch of the lip is everything,,10/09/2016 21:04,en,2118,589
7.74715e+17,0.40211895,0.5413992,0.05648191,katyperry,@royaItyler ur a fav,,10/09/2016 21:04,en,2210,597
7.74715e+17,0.40211895,0.5413992,0.05648191,katyperry,@nothingfaiIs pink drank,,10/09/2016 21:03,en,2286,611
7.74715e+17,0.40211895,0.5413992,0.05648191,katyperry,"@Iegendarylovers ish, when I'm not doing life",,10/09/2016 21:02,en,2063,588
7.74714e+17,0.045037795,0.89673877,0.058223464,katyperry,"@kathrynluck_ I have 100 like pee wee, u know this",,10/09/2016 21:01,en,2089,648
7.74714e+17,0.045037795,0.89673877,0.058223464,katyperry,@DJ_Summers1999 yeah sorry,,10/09/2016 21:00,en,3460,861
7.74714e+17,0.045037795,0.89673877,0.058223464,katyperry,@prismaticIights legend,,10/09/2016 21:00,en,2147,623
7.74714e+17,0.045037795,0.89673877,0.058223464,katyperry,@mendesperry it took me 3 to choose. Ur welcome.,,10/09/2016 20:59,en,3164,772
7.74714e+17,0.045037795,0.89673877,0.058223464,katyperry,@katycatghita @Mark_KatyCat @ShannonFlynn2 @iwasdivine @KatysMyHabibi undiagnosed add to be exact. Gonna web MD it.,,10/09/2016 20:58,en,2029,568
7.74713e+17,0.52556306,0.4345055,0.03993144,katyperry,@skywaterr artichoke,,10/09/2016 20:55,en,2172,616
7.74713e+17,0.52556306,0.4345055,0.03993144,katyperry,@XJoJoSpearsX I'm in my polka dot robe chillin waiting for a Cheesecake Factory delivery ğŸ’ğŸ»,,10/09/2016 20:55,en,4374,1172
7.74713e+17,0.52556306,0.4345055,0.03993144,katyperry,@alwaysbeperry you don't know your own strength bb,,10/09/2016 20:54,en,2184,679
7.74712e+17,0.3871448,0.54910624,0.06374894,katyperry,@skoglyrihanna @chIoekardashian looks like you don't know my calendar ğŸ’…ğŸ¼,,10/09/2016 20:52,en,2444,755
7.7471e+17,0.21164139,0.7379771,0.050381504,katyperry,@Brookeenloe1 I know you are but what am I,,10/09/2016 20:42,en,2939,871
7.7471e+17,0.21164139,0.7379771,0.050381504,cnnbrk,"Greta Friedman, nurse kissed by sailor in iconic V-J Day photo, has died, her son says. https://t.co/qGxhdIlRgy https://t.co/dPWsyRuMK3",,10/09/2016 20:45,en,2189,1560
7.74709e+17,0.25285327,0.668988,0.07815882,katyperry,@HONEYMOONPRISM girl bye,,10/09/2016 20:39,en,3088,1005
7.74707e+17,0.0057199025,0.6070101,0.38726997,katyperry,@ShannonFlynn2 @drunkby6 go to East Beach tacos too and get the shrimp tacos ğŸ˜œ,,10/09/2016 20:32,en,2382,753
7.74659e+17,0.055849455,0.26698795,0.67716265,katyperry,. @emelisande I am ready to lose it and then recover!!! Bring the truth! â¤ï¸,,10/09/2016 17:20,en,9315,2342
7.74511e+17,0.017194089,0.5573053,0.4255006,katyperry,flare ğŸ’…ğŸ¼,,10/09/2016 07:34,en,14859,4394
7.74454e+17,0.06501215,0.8394844,0.09550343,katyperry,FrIdAy StUdIo ViBeZ ğŸ¸ https://t.co/PYLgMFzUKg,,10/09/2016 03:47,en,23311,7827
7.74155e+17,0.97290117,0.02490582,0.002193029,katyperry,"Turkish delights are DISGUSTING, it's a FARCE cc: Chronicles of Narnia",,09/09/2016 08:00,en,17006,5157
7.74155e+17,0.97290117,0.02490582,0.002193029,ArianaGrande,@NICKIMINAJ love you forever,,09/09/2016 07:56,en,23993,11251
7.73988e+17,0.007470656,0.36139035,0.63113904,katyperry,If you are moved watching the video pls continue to support the other Pulse survivors by donating here: https://t.co/oOMBAfq1k4,,08/09/2016 20:56,en,10133,3599
7.73987e+17,0.0009237146,0.030305259,0.96877104,katyperry,"I was so inspired by @OnePulseTony story &amp; strength that I had to meet him, here's a preview https://t.co/SDisjkbUmu https://t.co/lC9EpqRkep",,08/09/2016 20:52,en,16294,5472
7.73975e+17,0.0018103146,0.016200472,0.98198915,katyperry,Don't miss these happy tears today! ğŸ˜­â¤ï¸ğŸ˜­ https://t.co/kn1enNdDi5,,08/09/2016 20:01,en,20149,6699
7.73975e+17,0.0018103146,0.016200472,0.98198915,cnnbrk,"Americans expect Clinton to outperform Trump at first presidential debate, CNN/ORC poll shows. https://t.co/ARChV1lVUP",,08/09/2016 20:02,en,707,240
7.73386e+17,0.0054920376,0.15274441,0.84176356,katyperry,That's glam ğŸ’…ğŸ¼,,07/09/2016 05:03,en,15720,5317
7.73374e+17,0.5450679,0.4312462,0.023685869,katyperry,@KaceyMusgraves fraudulent wishes ğŸ˜”,,07/09/2016 04:14,en,3199,1116
7.7308e+17,0.0047112373,0.27363136,0.72165745,katyperry,Caught one ğŸ˜ŒğŸ£ ğŸ¶,,06/09/2016 08:47,en,18409,5398
7.72951e+17,0.035634317,0.72898805,0.23537758,katyperry,Every1 wants to b a butterfly butcha gotsa learn how to crawl b4 u ball okurrr ğŸ‘‹ğŸ¼ @ Santaâ€¦ https://t.co/DcMyu7i3Xf,,06/09/2016 00:12,en,11036,2949
7.72908e+17,0.0018657399,0.20719081,0.7909434,katyperry,H70thBD to my inspo Freddie Mercuryâ—Give some ğŸ‘€ to The Mercury Phoenix Trust - Fighting AIDS ğŸŒ #FFADAYO @The_MPT â¤ï¸ https://t.co/qy28Ms6BB8,,05/09/2016 21:23,en,18168,5220
7.72123e+17,0.0076769004,0.68136656,0.31095648,katyperry,ğŸ‘¼ğŸ» luminary fairy ğŸ‘¼ğŸ» @ Burning Man https://t.co/N2ENwLknBt,,03/09/2016 17:23,en,12266,3454
7.69999e+17,0.33609197,0.6027339,0.061174124,katyperry,bout to get savage af https://t.co/E4T7jhsY5Q,,28/08/2016 20:45,en,11516,3366
7.6932e+17,0.0012617714,0.38680953,0.61192876,katyperry,ğŸ¶ Iâ€™m co-hosting the @IHRCountdown w/my friend @OnAirRomeo this weekend! Listen right here: https://t.co/csHsAZWCXr @iHeartRadio ğŸ¶,,26/08/2016 23:47,en,9466,2982
7.6922e+17,0.051773395,0.50808764,0.44013903,katyperry,"For your freakin weekend: #RISE REMIXES BY @PURITY_RING, @MonsieurAdi &amp; @TALAOFFICIAL https://t.co/QRbWiqNN8iğŸ¤˜ğŸ»ğŸ˜ğŸ¤˜ğŸ» https://t.co/Q8PUkNoqwc",,26/08/2016 17:09,en,11025,3807
7.6922e+17,0.051773395,0.50808764,0.44013903,britneyspears,Found out @JKCorden is ticklish &amp; he looks GREAT in the BOMT outfit on @latelateshow #CarpoolKaraoke ğŸ™Š https://t.co/nli4khU6d7,,26/08/2016 17:09,en,6190,2490
7.68938e+17,0.004031218,0.5592116,0.4367572,katyperry,"#TBT my 1st ğŸ”¥burnğŸ”¥ Round âœŒğŸ¼ï¸ ready, right @mkives â‰ï¸ https://t.co/enckT5XTra",,25/08/2016 22:27,en,10163,3048
7.68858e+17,0.0027663184,0.11320926,0.8840244,katyperry,Thought you had all of the shades? Introducing ğŸ¯TAME TIGERğŸ¯: https://t.co/HmEqNRf1Nq. Fun surprise for you when you Tweet #KATYxCOVERGIRL!,,25/08/2016 17:08,en,13827,4156
7.6854e+17,0.9413018,0.053102568,0.0055956105,katyperry,"Do not give your eyeballs to this racist, hate-filled, misogynoir crime. I #StandWithLeslie â¤ï¸",,24/08/2016 20:07,en,31546,11905
7.6854e+17,0.9413018,0.053102568,0.0055956105,cnnbrk,"New battleground state CNN/ORC polling: Tight race in North Carolina, Trump lead in Arizona. https://t.co/yL0QZVKqZh https://t.co/EFl0yH94dI",,24/08/2016 20:05,en,232,103
7.678e+17,0.03698576,0.35589916,0.60711503,katyperry,The Olympics may be over but dad hats will never die ğŸ˜ : https://t.co/8MwcYpzAB7 https://t.co/oeMC7CMdba,,22/08/2016 19:06,en,25501,6950
7.678e+17,0.03698576,0.35589916,0.60711503,justinbieber,Big bro got a film this Friday. Congrats @Usher . #HandsOfStone https://t.co/GExObBhT2a,,22/08/2016 19:04,en,110584,45511
7.67113e+17,0.5469731,0.3259515,0.12707537,katyperry,Check out this brilliantly made video that is already giving me anxiety: Washed Up Together by Knox Hamilton ğŸ˜¶ https://t.co/SGZAQCHTI8,,20/08/2016 21:34,en,14237,3565
7.67027e+17,0.0008239014,0.013151068,0.98602504,katyperry,happy saturday â¤ï¸ https://t.co/FgWTxW3Rbt,,20/08/2016 15:55,en,14267,3553
7.65686e+17,0.09783119,0.7256046,0.17656419,katyperry,GUYS - Remember that SWEAT ğŸ’¦ I was talking about? Here it is: https://t.co/gKlbjKQhsn. #MakingofRise,,16/08/2016 23:03,en,12467,4266
7.65675e+17,0.007828222,0.8518348,0.14033696,katyperry,Some behind-the-scenes ğŸ“¸ at my MAGIC launch yesterday for my new kicks ğŸ‘  https://t.co/NE1T8XkmPK https://t.co/tw0lbYJM6Z,,16/08/2016 22:23,en,22443,5635
7.65266e+17,0.00094309595,0.1427612,0.85629565,katyperry,Get ready for my â¤ï¸ &amp; ğŸ‘  coming to stores Spring 2017â—ï¸ https://t.co/ea1nEeDCXt,,15/08/2016 19:17,en,14997,4659
7.64641e+17,0.0015987523,0.07690492,0.92149633,katyperry,Collector of miniatures ğŸ˜ https://t.co/rAgImFwjtc,,14/08/2016 01:51,en,12376,3298
7.63949e+17,0.07791116,0.8439376,0.07815126,katyperry,Me rn: https://t.co/TXnP3hubAy,,12/08/2016 04:02,en,11697,3861
7.63947e+17,0.04907245,0.5278022,0.4231254,katyperry,Can someone please translate what this adorable toddler is advertising about the circus comingâ€¦ https://t.co/Fj18B2yBq8,,12/08/2016 03:55,en,13241,3344
7.63439e+17,0.27033326,0.61660147,0.113065295,katyperry,"I know it's a little cheeky, butt... 

Cycling in The ile de re, France ğŸ‡«ğŸ‡· https://t.co/AKUsAM0kG5",,10/08/2016 18:16,en,14113,4338
7.63439e+17,0.27033326,0.61660147,0.113065295,instagram,"â€œWhen you look a lion in the eyes, you can see why theyâ€™re king of the jungle.â€ â€”Axel Primmer #WorldLionDay ğŸ¦ https://t.co/Bp8zuNprhz",,10/08/2016 18:15,en,1065,302
7.61672e+17,0.02986399,0.83662677,0.13350926,katyperry,#Rio2016 ARE YOU READY TO #RISE https://t.co/QtFBSCQAPY,,05/08/2016 21:17,en,39501,15947
7.61494e+17,0.34657612,0.5579029,0.09552105,katyperry,@iwasdivine no wayâ—ï¸,,05/08/2016 09:26,en,4408,1093
7.61493e+17,0.28190926,0.68010074,0.037990037,katyperry,@ohmyjurassic I have a large cushion ğŸ˜›,,05/08/2016 09:26,en,4036,1024
7.61493e+17,0.28190926,0.68010074,0.037990037,katyperry,"@xamyrosex no pain, no gain. ğŸ˜µ",,05/08/2016 09:24,en,3951,1131
7.61493e+17,0.28190926,0.68010074,0.037990037,katyperry,@katysmoonlight I must have been inspired from your hair...,,05/08/2016 09:23,en,3445,882
7.61493e+17,0.28190926,0.68010074,0.037990037,katyperry,@hotncolds swallowing lots of rain water?,,05/08/2016 09:22,en,3281,936
7.61492e+17,0.0018715468,0.21957338,0.7785551,katyperry,"@KatysPrismLight shot for 3 days in Utah, Directed by the incredibly talented Paul Gore. ğŸ“½",,05/08/2016 09:18,en,3466,1063
7.61491e+17,0.41664875,0.48892862,0.09442264,katyperry,"@Lilly_Jnes yes, about something that can take you so high but also almost take you out completely...",,05/08/2016 09:14,en,2945,871
7.61483e+17,0.0021349895,0.052147735,0.9457173,katyperry,@akaruikaty great work ğŸ¨,,05/08/2016 08:43,en,3103,916
7.61481e+17,0.0013831713,0.15110947,0.8475073,katyperry,It's that Phoenix in me â™ï¸ https://t.co/UdCEvMl9Ee,,05/08/2016 08:36,en,13254,4183
7.61481e+17,0.0013831713,0.15110947,0.8475073,cnnbrk,"DHL cargo plane skids off  runway, ends up on road near airport in Bergamo, Italian Civil Aviation Authority says. https://t.co/xFx2cgrElj",,05/08/2016 08:36,en,257,273
7.61358e+17,0.0045403074,0.6520863,0.34337336,katyperry,"ALSO, you can watch the video in its entirety again on NBCâ€™s Rio Olympics Preview Special TONIGHT in the 8 pm ET/PT hour ğŸ“º #Rio2016",,05/08/2016 00:28,en,16970,5837
7.61352e+17,0.0017023168,0.08254263,0.9157551,katyperry,"Through the blood, sweat (lots of it), and tears, we keep rising ğŸ’ªğŸ¼ Finally, my new video for #RISE: https://t.co/ReySW4J9dW",,05/08/2016 00:04,en,35906,15595
7.60087e+17,0.0019390956,0.39352986,0.60453105,katyperry,AUGUST 4TH we #RISE: https://t.co/BdhKutGXCG,,01/08/2016 12:18,en,19337,8529
7.59934e+17,0.003292989,0.07693385,0.91977316,katyperry,@perryhumorr so glad u kno what's up,,01/08/2016 02:10,en,3490,950
7.59934e+17,0.003292989,0.07693385,0.91977316,KimKardashian,I love the show WAGS.,,01/08/2016 02:07,en,8342,2510
7.59932e+17,0.52035105,0.44834805,0.031300854,katyperry,"@YikesJonathan well I'm not really one of them, so.",,01/08/2016 02:03,en,3196,898
7.59885e+17,0.012888968,0.89137536,0.09573572,katyperry,"Hanging with my Habibi's, follow my bb's rubyrankin thealekovski cydney_moore https://t.co/1aCie2GBoY",,31/07/2016 22:53,en,9968,2802
7.59862e+17,0.029779702,0.9225069,0.047713354,katyperry,Is the Pokemon game the modern day Pied Piper?,,31/07/2016 21:25,en,19155,6063
7.59785e+17,0.0009248085,0.1209549,0.8781203,katyperry,FIRST ğŸ‘€ at my brand new @COVERGIRL commercial for the #KATYxCOVERGIRL collection! ğŸ’‹ https://t.co/b6L1wngzzu,,31/07/2016 16:16,en,25196,7710
7.58967e+17,0.0026199159,0.12585275,0.8715274,katyperry,@truebluedeluxe going to sleep now bb â¤ï¸,,29/07/2016 10:08,en,3503,1004
7.58966e+17,0.7774329,0.20415407,0.018413052,katyperry,@thedutchass untrue,,29/07/2016 10:03,en,3042,857
7.58965e+17,0.03403383,0.5644501,0.40151608,katyperry,@wtfkates miss u bb,,29/07/2016 10:00,en,3468,1165
7.58964e+17,0.15560292,0.76498693,0.07941019,katyperry,@FerrasEU don't.give.up.,,29/07/2016 09:55,en,2535,737
7.58964e+17,0.15560292,0.76498693,0.07941019,katyperry,@katyscrush @katyssunlight @typosqween calm down,,29/07/2016 09:54,en,2606,747
7.58963e+17,0.0023101727,0.13220692,0.86548287,katyperry,@katyssunlight @typosqween right,,29/07/2016 09:50,en,2364,681
7.58963e+17,0.0023101727,0.13220692,0.86548287,katyperry,@Adoreeeperry @KatyPerryFrance that nickname call out â¤ï¸,,29/07/2016 09:49,en,2246,686
7.58962e+17,0.0014413046,0.012288767,0.9862699,katyperry,@_CoolKatyCat I was waiting for this edit,,29/07/2016 09:47,en,2741,935
7.58962e+17,0.0014413046,0.012288767,0.9862699,katyperry,@typosqween that wonk eye tho,,29/07/2016 09:46,en,2538,800
7.58962e+17,0.0014413046,0.012288767,0.9862699,katyperry,@sella_sandra I love y'all's deep dives,,29/07/2016 09:45,en,2299,695
7.5896e+17,0.044017345,0.84966546,0.106317185,katyperry,@caitsperry takes a village bb,,29/07/2016 09:38,en,2350,709
7.58959e+17,0.64790046,0.33563894,0.016460558,katyperry,@NicoTheKatyCat haters know that was photo shopped.,,29/07/2016 09:33,en,2529,847
7.58957e+17,0.019012172,0.5346702,0.44631764,katyperry,@DerekBlasberg same one I sang into for @POTUS ğŸ’…ğŸ¼ğŸ¤âœ¨,,29/07/2016 09:27,en,2299,711
7.58897e+17,0.0014574791,0.012506079,0.9860364,katyperry,. @sofifii Lando put that one in. â¤ï¸,,29/07/2016 05:29,en,8342,2193
7.58897e+17,0.0014574791,0.012506079,0.9860364,katyperry,". @shannonwoodward well, you taught me the real definition of what it means to be a Feminist &amp; I forever love you for it. â¤ï¸ #proudfeminist",,29/07/2016 05:29,en,9356,2768
7.58833e+17,0.002020036,0.14908458,0.8488953,katyperry,DON'T FORGET TO TEXT KATY PERRY TO 47246. ğŸ¤ğŸ‰ğŸ‡ºğŸ‡¸ COMING UP!,,29/07/2016 01:13,en,14718,4373
7.5874e+17,0.003469315,0.30364528,0.6928854,katyperry,guess where I am @ 2016 Democratic National Convention https://t.co/ItcedULmK8,,28/07/2016 19:06,en,11473,3303
7.5874e+17,0.003469315,0.30364528,0.6928854,katyperry,I'm ğŸ¤ for @HillaryClinton at the @DemConvention tonight! Text KATY PERRY to 47246 to get a link to watch before I take the stage and...#RISE,,28/07/2016 19:04,en,15568,4400
7.58501e+17,0.08774325,0.46498936,0.44726735,katyperry,"""Don't boo, VOTE!"" @BarackObama spit thatğŸ”¥ğŸ”¥ğŸ”¥",,28/07/2016 03:15,en,23512,7466
7.58372e+17,0.0033681048,0.2804712,0.7161607,katyperry,Just landed in Philly for #DemsInPhilly ready to listen and learn... ğŸ™ğŸ¼ğŸ“šğŸŒ,,27/07/2016 18:43,en,17631,4363
7.57668e+17,0.0010848934,0.008133562,0.9907815,katyperry,WHAT A GREAT WEEKâ—ï¸Thanks to you guys for supporting music &amp; to radio adding &amp; playing it everywhere. ğŸ™ŒğŸ¼ #RISING ğŸ™ŒğŸ¼ https://t.co/wKrB5e2qjz,,25/07/2016 20:03,en,16612,5677
7.57607e+17,0.0019371985,0.4021044,0.5959584,katyperry,"EXCLUSIVE! Unlock the #KatyKatHouse for brand new vids &amp; more from me, @COVERGIRL, &amp; the Katy Kat Collection! https://t.co/90z6YGdgbD",,25/07/2016 16:01,en,12707,4340
7.56762e+17,0.005330845,0.12654756,0.8681216,katyperry,@jackygerardchan ur nice.,,23/07/2016 08:05,en,3883,1003
7.56761e+17,0.06301522,0.85823303,0.07875181,katyperry,my son! https://t.co/i6bwWsFdzO,,23/07/2016 08:02,en,10957,3105
7.56761e+17,0.06301522,0.85823303,0.07875181,katyperry,@chIoekardashian me 2 duh,,23/07/2016 08:01,en,3411,997
7.5676e+17,0.34045383,0.56495637,0.09458983,katyperry,@BREWMYSTEW hello,,23/07/2016 07:57,en,2847,786
7.5676e+17,0.34045383,0.56495637,0.09458983,katyperry,@katycatsophia @yourperrydise @katyswildfire I'm shook,,23/07/2016 07:56,en,2803,803
7.56759e+17,0.036025096,0.8372634,0.12671155,katyperry,@rihftperry soon,,23/07/2016 07:54,en,2738,775
7.56758e+17,0.07806678,0.8138062,0.1081271,katyperry,@rebeccakate12 still #rose,,23/07/2016 07:50,en,2464,665
7.56758e+17,0.07806678,0.8138062,0.1081271,katyperry,@iitsjackie waiting.,,23/07/2016 07:48,en,2399,640
7.56758e+17,0.07806678,0.8138062,0.1081271,katyperry,@yourperrydise for receipts of course. ğŸ’…ğŸ¼,,23/07/2016 07:47,en,2387,642
7.56758e+17,0.07806678,0.8138062,0.1081271,katyperry,@yourperrydise *saves photo*,,23/07/2016 07:47,en,2485,646
7.56758e+17,0.07806678,0.8138062,0.1081271,KimKardashian,Gonna live stream! Log onto my app! #VegasNights,,23/07/2016 07:49,en,3860,493
7.56756e+17,0.32005748,0.6195624,0.060380127,katyperry,@jesuskylie don't be a desp,,23/07/2016 07:39,en,2317,631
7.56755e+17,0.05459971,0.8152859,0.1301144,katyperry,@dizzycoco alwaysâ¤ï¸,,23/07/2016 07:38,en,2188,624
7.56755e+17,0.05459971,0.8152859,0.1301144,katyperry,@HolyErotica coming next week BUB,,23/07/2016 07:38,en,2266,621
7.56755e+17,0.05459971,0.8152859,0.1301144,katyperry,@KpCatt she's sleeping,,23/07/2016 07:37,en,2301,658
7.56755e+17,0.05459971,0.8152859,0.1301144,katyperry,@GraceOfKaty Gold,,23/07/2016 07:35,en,2307,659
7.56754e+17,0.12255935,0.7934902,0.083950564,katyperry,@redsvelvets consideration/same ol',,23/07/2016 07:32,en,4113,2170
7.56753e+17,0.06919279,0.8625676,0.06823955,katyperry,@tariqterry bb I travel,,23/07/2016 07:27,en,2163,604
7.56751e+17,0.075663075,0.77514756,0.14918941,katyperry,@taylxre tight,,23/07/2016 07:22,en,2111,571
7.5675e+17,0.6099731,0.32117757,0.068849355,katyperry,@diddleurskittle @Katysanalien omg! U r first! I'm flustered.,,23/07/2016 07:17,en,2157,602
7.56749e+17,0.47517067,0.43789336,0.08693597,katyperry,@katycatwendy childhood is all about experiments bb especially pre Internet,,23/07/2016 07:14,en,2194,650
7.56749e+17,0.47517067,0.43789336,0.08693597,katyperry,@Perry_Slays is this you because you're adorbs and yes I am sleeping...soon,,23/07/2016 07:13,en,2065,588
7.56749e+17,0.47517067,0.43789336,0.08693597,ArianaGrande,Just posted a photo https://t.co/i8RLvS8S9Z,,23/07/2016 07:12,en,25580,8265
7.56748e+17,0.08591646,0.8251076,0.0889759,katyperry,@pacifyher soap,,23/07/2016 07:09,en,2974,1306
7.56747e+17,0.01806292,0.77072173,0.21121526,katyperry,@gagasspace bb do you,,23/07/2016 07:06,en,2003,571
7.56747e+17,0.01806292,0.77072173,0.21121526,katyperry,@tayIorhq @givenchydress pay up bb,,23/07/2016 07:04,en,2098,625
7.56747e+17,0.01806292,0.77072173,0.21121526,katyperry,@ShannonFlynn2 @ChrisAntonacci1 does he have mono or,,23/07/2016 07:04,en,1996,569
7.56747e+17,0.01806292,0.77072173,0.21121526,katyperry,@AugustRyder we'll wait till tomorrow. ğŸ‘€,,23/07/2016 07:03,en,1971,561
7.56746e+17,0.4418841,0.50836843,0.04974744,katyperry,@givenchydress sorry,,23/07/2016 07:01,en,3185,1354
7.56745e+17,0.0019240049,0.09454777,0.9035282,katyperry,@AugustRyder omg color â—ï¸we want rainbows â—ï¸,,23/07/2016 06:55,en,2063,612
7.56744e+17,0.12938565,0.7932123,0.07740206,katyperry,@Fingers4Katy calm down,,23/07/2016 06:52,en,2007,606
7.56743e+17,0.108200096,0.6970597,0.19474018,katyperry,@AugustRyder this is not enough of a differentiation. #purple,,23/07/2016 06:50,en,1981,568
7.56743e+17,0.108200096,0.6970597,0.19474018,katyperry,@itzmero so many flags bb,,23/07/2016 06:47,en,2066,738
7.56742e+17,0.7694685,0.21528889,0.015242619,katyperry,@Eduardo_KatyCat miss you,,23/07/2016 06:44,en,2068,623
7.56742e+17,0.7694685,0.21528889,0.015242619,katyperry,@xamyrosex late,,23/07/2016 06:44,en,1859,546
7.56742e+17,0.7694685,0.21528889,0.015242619,katyperry,@perrysmoschino did you photo shop my eyes on to your eyes sickos,,23/07/2016 06:43,en,2069,667
7.56741e+17,0.001967633,0.016536098,0.9814963,katyperry,@waIkingonair also duh!,,23/07/2016 06:42,en,1816,545
7.56741e+17,0.001967633,0.016536098,0.9814963,katyperry,@waIkingonair omg he's so cute,,23/07/2016 06:41,en,1892,570
7.5674e+17,0.12142719,0.83371204,0.044860717,katyperry,@AugustRyder dye ur hairs first.,,23/07/2016 06:35,en,1918,569
7.56739e+17,0.16399834,0.7616826,0.07431908,katyperry,@katrieber @Chillinlaidback that nose hole tho,,23/07/2016 06:31,en,1882,582
7.56738e+17,0.10068824,0.72925895,0.17005277,katyperry,@katyskettle ok I'll leave ğŸ‘‹ğŸ¼,,23/07/2016 06:31,en,1933,612
7.56738e+17,0.10068824,0.72925895,0.17005277,katyperry,@AugustRyder lez go now.,,23/07/2016 06:30,en,1837,550
7.56738e+17,0.10068824,0.72925895,0.17005277,katyperry,@katyswildfire because otherwise I am working on the record for you bb. FOCUS.,,23/07/2016 06:29,en,2436,1028
7.56737e+17,0.34314007,0.62233293,0.03452695,katyperry,@katycatwendy @Chillinlaidback fetus trolls,,23/07/2016 06:26,en,1830,585
7.56736e+17,0.7794122,0.21119283,0.009394958,katyperry,"@Chillinlaidback don't do that to me, you know these words are triggers.",,23/07/2016 06:20,en,2010,662
7.56735e+17,0.004282073,0.20276707,0.79295087,katyperry,@tariqterry I'm blessing your timeline,,23/07/2016 06:19,en,1983,715
7.56735e+17,0.004282073,0.20276707,0.79295087,katyperry,@katyfroot cool edit bb,,23/07/2016 06:17,en,1940,636
7.56733e+17,0.09798664,0.81980747,0.08220583,katyperry,"@winesandlines @Sam_inColour that was a ""hi"" not a ""bye""",,23/07/2016 06:09,en,2168,808
7.56732e+17,0.31716937,0.62344927,0.05938137,katyperry,@wakingonair @drwssinup u guys are the examples â—ï¸,,23/07/2016 06:07,en,1884,663
7.56732e+17,0.31716937,0.62344927,0.05938137,katyperry,plastic bag bb https://t.co/GVIfkoZW3J,,23/07/2016 06:04,en,10695,3210
7.56732e+17,0.31716937,0.62344927,0.05938137,katyperry,"@dclyde18 ur right, I'm flawed",,23/07/2016 06:03,en,1777,577
7.56731e+17,0.0047432925,0.22318372,0.77207303,katyperry,@Brookeenloe1 pretty bb,,23/07/2016 06:02,en,1794,571
7.56581e+17,0.0099055255,0.67053616,0.31955832,katyperry,SOON #RISE https://t.co/vpsuCRem5R,,22/07/2016 20:05,en,23205,10812
7.5652e+17,0.0025642882,0.23673633,0.7606994,katyperry,"Soon, I will #RISE: https://t.co/HzDrlUgPBc",,22/07/2016 16:03,en,14572,7185
7.56253e+17,0.05438733,0.48812377,0.45748886,katyperry,@matthewroper don't be sorry for your good taste bb ğŸ’…ğŸ¼,,21/07/2016 22:22,en,3973,1770
7.56187e+17,0.0018167752,0.1800455,0.8181377,katyperry,ğŸ™‹ğŸ»#1 fan over here will be in Philly nxt week using my voice 2 support @HillaryClinton! Txt KATY PERRY to 47246 to tune in when I'm on stage,,21/07/2016 18:01,en,14693,3893
7.55502e+17,0.001074395,0.032452974,0.96647257,katyperry,"As if it couldn't get any wilder, the universe sends a full moon tonightâœ¨ #RNCinCLE",,19/07/2016 20:39,en,18339,5468
7.5523e+17,0.0012222703,0.040422108,0.95835555,katyperry,@emmabruhhh @GingerWesson hey thanks â¤ï¸,,19/07/2016 02:37,en,2948,975
7.54912e+17,0.018756593,0.4971318,0.48411167,katyperry,#RISE above it all: https://t.co/ToeZNtE4rE,,18/07/2016 05:32,en,27822,11774
7.54429e+17,0.0066367476,0.06981659,0.92354673,katyperry,@nicholas_sewell ur perfect,,16/07/2016 21:34,en,4362,1245
7.54424e+17,0.009959648,0.3416899,0.6483504,katyperry,Because we all have to rise together. https://t.co/uFZEWu9A2f,,16/07/2016 21:13,en,14648,4902
7.54423e+17,0.040824853,0.7297293,0.2294459,katyperry,@bay_trib11 do it bb,,16/07/2016 21:09,en,3427,1028
7.54414e+17,0.0058580744,0.118738376,0.8754036,katyperry,This is powerful because this is who the election really effects... https://t.co/JKmssPkNq1,,16/07/2016 20:36,en,12622,3806
7.54152e+17,0.024391444,0.487745,0.4878635,katyperry,Because we all need a hug: https://t.co/spbHG40SSJ,,16/07/2016 03:13,en,14447,4101
7.54097e+17,0.0039013347,0.048488624,0.94761,katyperry,"Thank you for support after all these years...The ğŸŒ is in pain, we must unite &amp; rise above w/â¤ï¸ we r all connected.  https://t.co/ckI3cU42uz",,15/07/2016 23:34,en,18571,7429
7.54036e+17,0.03226952,0.4317027,0.5360278,katyperry,@KatysRedSkittle baby u so fast,,15/07/2016 19:31,en,4199,1320
7.54035e+17,0.08286733,0.5064943,0.41063833,katyperry,"@etnaD_olegnaD I've been following you for years. Unforgettable expressions. Q tho, whut is ""RAMEN""",,15/07/2016 19:30,en,4078,1357
7.54033e+17,0.0017179517,0.07425364,0.9240284,katyperry,It'll give you a kick! ğŸ™ŒğŸ¼ https://t.co/sAH2yW2s8R,,15/07/2016 19:22,en,11175,2966
7.54033e+17,0.0017179517,0.07425364,0.9240284,Twitter,"Nice moves, @TeamUSA!
#RoadToRio #FridayFeeling
https://t.co/Nlk7BOU0Y5",,15/07/2016 19:22,en,789,176
7.54031e+17,0.022535542,0.20697707,0.77048737,katyperry,@perfectlyperry I need that guys @ I have been living for him since fetus,,15/07/2016 19:11,en,3953,1370
7.53968e+17,0.005747304,0.56875527,0.42549747,katyperry,#RISE and shine: https://t.co/ToeZNtE4rE,,15/07/2016 15:00,en,18188,8005
7.53943e+17,0.023993919,0.79741865,0.17858744,katyperry,I am honored that NBC Olympics has chosen to use it as an anthem before and during the Rio Games. https://t.co/e6A38L6VqJ,,15/07/2016 13:24,en,19151,8383
7.53943e+17,0.023993919,0.79741865,0.17858744,katyperry,"ICYMI on @TodayShow, hereâ€™s why I wrote #RISE https://t.co/cpjf25PRGb",,15/07/2016 13:23,en,28029,12593
7.53862e+17,0.11018677,0.8175437,0.07226957,katyperry,@BustaBusta NAIL,,15/07/2016 08:02,en,4295,1354
7.53833e+17,0.0646775,0.8058178,0.12950477,katyperry,@venuzszfly I'm just a messenger bb.,,15/07/2016 06:05,en,4684,1647
7.5383e+17,0.112806395,0.73670274,0.15049082,katyperry,yummy to ur tummy tho https://t.co/XVUuUWVUYM,,15/07/2016 05:52,en,11817,4175
7.53829e+17,0.11479042,0.7917195,0.09349001,katyperry,@katherynsus u kno,,15/07/2016 05:51,en,3476,1201
7.53828e+17,0.00092477544,0.015692724,0.9833825,katyperry,@perryx84 omg this is one of my fav moments on teevee. Let's be friends?,,15/07/2016 05:45,en,4011,1445
7.53826e+17,0.004755436,0.31949937,0.67574525,katyperry,@ChrisAntonacci1 Please #RISE now Chrisâ—ï¸,,15/07/2016 05:38,en,4555,1746
7.53825e+17,0.03300504,0.852138,0.114856936,katyperry,"Ish, It's in the definition babe https://t.co/4foqulMj3v",,15/07/2016 05:33,en,8381,2526
7.53823e+17,0.29604048,0.62844783,0.07551176,katyperry,@sacredperry No baby. It's an Amuse-bouche.,,15/07/2016 05:27,en,4549,1946
7.5382e+17,0.017676687,0.12509407,0.85722923,katyperry,No better time than now.  https://t.co/Vz4l9tKji8,,15/07/2016 05:14,en,10989,4157
7.53819e+17,0.15260406,0.79865915,0.048736747,katyperry,@thedollsftkaty Peter Pan syndrome,,15/07/2016 05:11,en,4068,1634
